title,studio_id,episodes,mpaa,start,end,rating,genre
Охотник х Охотник 2,286,148,PG-13,1993-04-13,1999-07-05,9.6,Сэйнэн
Атака титанов 3. Часть 2,168,10,NC-17,1990-12-31,2000-04-21,9.6,Кодомо
Корзинка фруктов: Финал,791,13,PG-13,1986-06-06,2010-05-18,9.6,Кодомо
Атака титанов,930,25,NC-17,1987-05-08,2015-04-21,9.6,Дзёсэй
Волейбол!! К вершине 2,524,12,PG-13,1994-11-11,2008-03-29,9.5,Сэйнэн
Реинкарнация безработного: История о приключениях в другом мире,148,11,NC-17,1987-09-13,2011-01-19,9.6,Сёдзё
Наруто: Ураганные хроники,528,500,NC-17,1988-07-06,2006-01-13,9.5,Сёнэн
Крутой учитель Онидзука,72,43,NC-17,1988-08-01,2020-12-30,9.6,Сэйнэн
"Клинок, рассекающий демонов",265,26,NC-17,1991-12-18,2011-03-15,9.5,Сёдзё
Волейбол!! 2,886,25,PG-13,1985-08-13,2015-03-15,9.5,Кодомо
Магическая битва,500,24,NC-17,1994-07-23,2002-12-03,9.5,Сэйнэн
Атака титанов: Финал,763,16,NC-17,1991-02-27,2001-05-16,9.5,Кодомо
Гуррен-Лаганн,330,27,PG-13,1987-10-23,2016-10-14,9.5,Дзёсэй
Обещанный Неверленд,823,12,NC-17,1995-04-01,2010-01-20,9.5,Дзёсэй
SK8: На скейте в бесконечность,83,12,PG-13,1992-08-18,2005-04-09,9.5,Сёнэн
Волейбол!! 3,829,10,PG-13,1986-08-14,1998-04-06,9.5,Сэйнэн
Атака титанов 2,897,12,NC-17,1990-06-17,1998-06-18,9.5,Кодомо
Волейбол!! К вершине,680,13,PG-13,1987-09-26,2000-06-20,9.5,Кодомо
Хоримия,416,13,PG-13,1991-12-21,2018-09-24,9.5,Дзёсэй
Стальной алхимик: Братство,231,64,NC-17,1988-07-01,2015-01-16,9.5,Кодомо
Атака титанов 3,754,12,NC-17,1994-07-25,2012-10-27,9.5,Дзёсэй
Необъятный океан,769,12,PG-13,1995-10-27,2015-03-17,9.5,Сёнэн
Код Гиас: Восставший Лелуш 2,326,25,NC-17,1987-07-11,2009-05-02,9.5,Сёдзё
Патриотизм Мориарти 2,63,13,NC-17,1986-06-13,2009-03-25,9.5,Сёдзё
Токийские мстители,421,24,NC-17,1988-06-27,2020-04-30,9.3,Сёдзё
О моём перерождении в слизь 2,856,12,PG-13,1990-03-17,2013-07-13,9.4,Дзёсэй
Доктор Стоун,522,24,PG-13,1993-02-17,2003-09-26,9.4,Сёдзё
Волейбол!!,505,25,PG-13,1993-05-12,2018-01-01,9.4,Сэйнэн
Ковбой Бибоп,116,26,NC-17,1989-01-25,2019-06-17,9.4,Сёнэн
Доктор Стоун: Каменные войны,309,11,PG-13,1990-07-05,2006-02-08,9.4,Сёдзё
Патриотизм Мориарти,655,11,NC-17,1985-01-01,2009-10-20,9.4,Кодомо
Невероятное приключение ДжоДжо: Рыцари звёздной пыли 2,709,24,NC-17,1986-05-15,2010-03-29,9.5,Сэйнэн
Почувствуй ветер,96,23,PG-13,1993-05-09,2004-10-20,9.4,Сэйнэн
"Для тебя, Бессмертный",950,20,NC-17,1992-04-06,2010-06-01,9.4,Сёнэн
Виви: Песнь флюоритового глаза,519,13,NC-17,1986-05-09,2001-08-16,9.4,Сёдзё
Золотое божество 3,788,12,NC-17,1985-01-12,2021-01-11,9.4,Дзёсэй
Берсерк,361,25,R,1985-03-30,2019-10-21,9.4,Дзёсэй
Сага о Винланде,196,24,NC-17,1992-04-09,2019-07-11,9.4,Сэйнэн
Корзинка фруктов 2,30,25,PG-13,1995-06-18,2009-05-02,9.4,Сёдзё
Школьные няни,42,12,PG-13,1988-11-14,2018-02-09,9.4,Сёнэн
"Город, в котором меня нет",382,12,NC-17,1993-10-27,1996-08-23,9.4,Сёдзё
Сквозь бальный зал,447,24,PG-13,1987-01-27,1998-09-06,9.4,Кодомо
Задержи этот звук! 2,155,13,NC-17,1994-07-28,2016-01-31,9.4,Сэйнэн
Восхождение героя щита,330,25,PG-13,1989-08-18,2018-12-20,9.4,Сёдзё
Госпожа Кагуя: в любви как на войне 2,634,12,PG-13,1985-01-07,2015-09-08,9.4,Кодомо
"Очень приятно, Бог 2",940,12,PG-13,1990-09-15,1996-05-23,9.4,Сёдзё
Ох уж этот экстрасенс Сайки Кусуо! 2,78,24,PG-13,1986-09-08,2009-05-01,9.4,Сёдзё
Созданный в Бездне,750,13,NC-17,1988-06-12,2018-07-15,9.3,Сэйнэн
Охотник х Охотник,567,62,PG-13,1992-11-25,2013-11-23,9.4,Дзёсэй
Самурай Чамплу,473,26,NC-17,1988-01-30,2002-06-23,9.4,Сёдзё
Дарованный,722,11,PG-13,1993-07-21,2007-10-03,9.4,Дзёсэй
Дороро,237,24,NC-17,1995-09-08,2008-08-14,9.4,Кодомо
Этот глупый свин не понимает мечту девочки-зайки,363,13,PG-13,1994-02-09,2018-12-04,9.4,Дзёсэй
Класс убийц 2,886,25,PG-13,1989-08-22,1998-05-29,9.3,Сёнэн
Бакуман 3,961,25,PG-13,1990-08-02,2001-12-12,9.3,Кодомо
Банановая рыба,47,24,NC-17,1992-04-27,2006-04-02,9.3,Сэйнэн
Бек,406,26,NC-17,1988-11-15,2003-01-25,9.3,Кодомо
Вайолет Эвергарден,549,13,PG-13,1989-08-23,2021-06-20,9.3,Сёдзё
Первый шаг,136,75,PG-13,1989-11-27,2009-08-18,9.4,Дзёсэй
Брошенный кролик,650,11,PG-13,1992-06-15,2002-02-26,9.3,Сёнэн
"Очень приятно, Бог",835,13,PG-13,1985-02-14,2001-02-18,9.3,Кодомо
Невероятное приключение ДжоДжо: Рыцари звёздной пыли,272,24,NC-17,1995-11-15,2013-12-20,9.4,Сэйнэн
Блич,334,366,PG-13,1992-09-20,2004-05-20,9.3,Сёдзё
Гинтама 2,502,51,PG-13,1994-01-09,2001-05-05,9.3,Сёдзё
Чёрный клевер,16,170,PG-13,1994-05-28,1996-09-23,9.3,Сэйнэн
"Астра, затерянная в космосе",831,12,PG-13,1992-09-20,2021-09-07,9.3,Сэйнэн
Моб Психо 100 2,623,13,PG-13,1987-07-05,2008-09-15,9.3,Сёдзё
Золотое божество 2,757,12,NC-17,1993-10-23,2015-10-23,9.3,Сэйнэн
Ванпанчмен,356,12,NC-17,1988-06-20,2002-02-23,9.3,Кодомо
Стальной алхимик,161,51,PG-13,1993-03-17,2005-10-11,9.3,Сэйнэн
Невероятное приключение ДжоДжо: Золотой ветер,18,39,NC-17,1991-08-19,2019-11-21,9.3,Сэйнэн
Код Гиас: Восставший Лелуш,988,25,NC-17,1989-07-31,1997-09-04,9.3,Дзёсэй
"Небо, где встретились звёзды",901,12,PG-13,1994-05-04,2020-05-01,9.3,Сёдзё
Лагерь на свежем воздухе 2,77,13,PG-13,1994-10-11,1997-03-02,9.3,Дзёсэй
Великий из бродячих псов 3,956,12,NC-17,1989-07-18,2017-10-15,9.3,Кодомо
Шаман Кинг,839,64,PG-13,1985-12-13,2008-08-07,9.3,Дзёсэй
Твоя апрельская ложь,668,22,PG-13,1990-05-26,2005-05-08,9.3,Кодомо
Тетрадь дружбы Нацумэ 4,20,13,PG-13,1991-02-20,2018-08-13,9.3,Сэйнэн
Наруто,584,220,PG-13,1995-06-27,2020-03-24,9.3,Сёдзё
Гинтама 3,690,13,PG-13,1985-09-28,2015-07-20,9.3,Сёнэн
Унеси меня на Луну,439,12,PG-13,1995-04-19,2014-07-14,9.3,Сёдзё
Паразит: Учение о жизни,984,24,NC-17,1995-01-30,2016-09-13,9.3,Сэйнэн
Царство 2,411,39,NC-17,1989-02-18,1998-03-09,9.2,Кодомо
Корзинка фруктов (2019),167,25,PG-13,1993-11-14,2003-02-20,9.2,Сёнэн
Врата Штейна,875,24,PG-13,1995-09-29,2014-03-27,9.3,Сэйнэн
О моём перерождении в слизь,985,24,PG-13,1987-09-01,2004-06-25,9.3,Сэйнэн
Один на вылет,306,25,PG-13,1988-03-12,2015-02-19,9.2,Дзёсэй
Гинтама 4,108,51,NC-17,1992-08-01,2001-09-20,9.3,Сёнэн
Пять невест 2,140,12,PG-13,1994-11-16,2015-09-01,9.2,Дзёсэй
Ох уж этот экстрасенс Сайки Кусуо!,897,120,PG-13,1995-12-01,2006-02-02,9.2,Сэйнэн
Гинтама 5,76,12,PG-13,1992-06-14,2020-01-04,9.2,Кодомо
Мастер муси,467,26,PG-13,1991-10-25,2018-11-07,9.3,Сёдзё
Врата Штейна 0,823,23,PG-13,1985-10-09,2012-07-30,9.2,Кодомо
Царство 3,578,26,NC-17,1991-08-17,2016-01-27,9.2,Кодомо
Руки прочь от киноклуба!,965,12,PG-13,1985-06-17,1996-07-26,9.2,Кодомо
Власть книжного червя 2,76,12,PG-13,1986-01-11,2012-10-09,9.2,Сэйнэн
Задержи этот звук!,996,13,PG-13,1991-05-25,2015-09-10,9.2,Сэйнэн
Баскетбол Куроко 3,328,25,PG-13,1988-08-31,2010-08-18,9.3,Сёдзё
Скрытые вещи,15,12,PG-13,1994-07-28,2011-01-17,9.2,Дзёсэй
Нас всегда разделяли 10 сантиметров,39,6,PG-13,1991-04-09,2020-09-30,8.7,Сёдзё
Необычное такси,250,13,PG-13,1990-12-31,2019-12-19,9.3,Сэйнэн
Дракон-горничная госпожи Кобаяси 2,690,12,PG-13,1989-03-21,2005-01-11,9.2,Кодомо
О моём перерождении в слизь 2. Часть 2,160,12,PG-13,1990-01-13,2019-02-03,9.2,Сёнэн
Пламенная бригада пожарных,79,24,PG-13,1993-03-24,2004-09-28,9.2,Дзёсэй
Тетрадь дружбы Нацумэ 6,660,11,PG-13,1994-12-03,2014-06-02,9.3,Сёдзё
Вечно ленивый Танака,674,12,PG-13,1994-02-13,2008-11-17,9.2,Сёдзё
Бакуман 2,179,25,PG-13,1990-01-14,2016-06-01,9.2,Сэйнэн
Кулинарные поединки Сомы,95,24,PG-13,1985-10-17,2003-11-09,9.2,Дзёсэй
"Добро пожаловать в ад, Ирума! 2",164,21,PG-13,1994-07-13,2019-03-20,9.2,Сэйнэн
Тетрадь смерти,700,37,NC-17,1993-12-08,2018-09-17,9.2,Дзёсэй
Мастера Меча Онлайн,261,25,PG-13,1989-07-18,2005-07-06,9.2,Дзёсэй
Триган,932,26,PG-13,1994-07-09,2019-07-24,9.2,Сэйнэн
Скитальцы,197,12,NC-17,1995-11-30,2000-12-01,9.2,Сёдзё
Моя геройская академия 4,975,25,PG-13,1992-05-13,2003-12-10,9.2,Сёдзё
Судьба/Начало 2,860,12,NC-17,1986-12-30,2019-04-06,9.2,Сёнэн
Готика,275,24,NC-17,1994-04-18,2008-10-24,9.2,Сэйнэн
Гинтама 6,531,13,PG-13,1994-04-13,2009-12-30,9.2,Сэйнэн
Повелитель,947,13,NC-17,1993-04-29,2018-08-27,9.2,Сёнэн
Волчица и пряности,68,13,PG-13,1991-09-01,2005-02-06,9.2,Сэйнэн
Богатый детектив. Баланс: Неограничен,681,11,PG-13,1993-04-22,2019-02-06,9.2,Кодомо
Убийца Акамэ!,669,24,NC-17,1992-08-16,2016-09-19,9.2,Сэйнэн
Нана,553,47,R,1987-03-07,1999-04-04,9.2,Сёдзё
Пламенная бригада пожарных 2,236,24,PG-13,1989-04-13,2021-01-23,9.2,Кодомо
Инцидент Кэмоно,293,12,NC-17,1992-10-23,2010-11-23,9.2,Дзёсэй
Туалетный мальчик Ханако,487,12,PG-13,1985-12-13,2017-07-04,9.2,Кодомо
Маги: Королевство магии,545,25,PG-13,1993-09-02,2013-07-07,9.2,Дзёсэй
Тетрадь дружбы Нацумэ,519,13,PG-13,1992-10-16,2009-07-11,9.2,Сёдзё
Не сдавайся!,402,25,PG-13,1986-05-13,2002-09-06,9.2,Дзёсэй
Кланнад: Продолжение истории,197,24,PG-13,1993-06-20,1996-09-04,9.2,Дзёсэй
Шарлотта,822,13,PG-13,1991-03-09,2019-05-08,9.2,Сёнэн
Мемуары Ванитаса,552,12,NC-17,1992-02-08,2021-02-04,9.2,Дзёсэй
Моб Психо 100,189,12,PG-13,1989-10-21,2002-03-09,9.2,Кодомо
Усио и Тора 2,647,13,PG-13,1985-05-03,1999-03-01,9.2,Кодомо
Мегалобокс 2,138,13,NC-17,1993-01-29,2014-09-09,9.2,Сёдзё
Невероятное приключение ДжоДжо: Несокрушимый алмаз,20,39,NC-17,1995-10-27,2013-05-31,9.2,Сёдзё
Когда плачут цикады: Разгадки,302,24,NC-17,1991-08-15,2017-10-11,9.1,Сёнэн
Лунное путешествие приведёт к новому миру,46,12,PG-13,1988-05-06,2015-04-21,9.2,Сёнэн
Гинтама 8,499,14,PG-13,1989-12-25,2019-06-23,9.2,Сэйнэн
Маги: Приключение Синдбада,276,13,PG-13,1985-04-30,2014-03-04,9.2,Сёнэн
Великий из бродячих псов 2,816,12,NC-17,1993-06-28,1999-01-19,9.2,Сёнэн
Реальная девушка 2,852,12,R,1995-03-17,2014-07-24,9.1,Сэйнэн
Тетрадь дружбы Нацумэ 3,836,13,PG-13,1985-04-03,2017-12-13,9.1,Дзёсэй
Бездомный бог: Арагото,58,13,PG-13,1988-11-25,2006-01-14,9.2,Кодомо
Хост-клуб Оранской школы,325,26,PG-13,1986-12-19,2010-12-29,9.2,Сёдзё
Сомали и Дух леса,556,12,PG-13,1987-02-16,2009-01-14,9.2,Сэйнэн
Восемьдесят шесть,144,11,NC-17,1993-08-27,2012-09-10,9.2,Сэйнэн
Улыбайся на подиуме,351,12,PG-13,1989-04-04,2000-11-16,9.1,Сёнэн
Кулинарные поединки Сомы: Третье блюдо — Часть II,575,12,PG-13,1985-01-06,2006-07-18,9.1,Сэйнэн
Юри на льду,554,12,PG-13,1993-09-03,2012-06-07,9.1,Сёдзё
Проза бродячих псов: Шуточные истории,634,12,PG-13,1992-11-26,2004-02-21,9.2,Кодомо
Межвидовые рецензенты,662,12,NC-17,1988-09-22,2001-12-13,9.1,Кодомо
Бакуман,101,25,PG-13,1994-03-03,2013-08-21,9.2,Кодомо
Волчица и пряности II,714,12,PG-13,1987-04-23,2021-10-17,9.2,Дзёсэй
Кулинарные поединки Сомы: Третье блюдо,504,12,PG-13,1987-08-04,2004-06-09,9.2,Кодомо
Госпожа Кагуя: в любви как на войне,869,12,PG-13,1995-11-04,2020-01-13,9.1,Сёдзё
Мастер муси: Следующая глава,101,10,PG-13,1992-12-19,2007-01-10,9.3,Кодомо
Мастер муси: Следующая глава 2,530,10,PG-13,1994-07-14,2014-09-12,9.1,Сэйнэн
Клуб стрельбы из лука,671,13,PG-13,1995-01-07,2019-06-13,9.2,Сэйнэн
Мегалобокс,738,13,NC-17,1993-09-05,2021-01-10,9.1,Сэйнэн
Кулинарные поединки Сомы: Второе блюдо,164,13,PG-13,1995-04-28,2002-08-17,9.1,Кодомо
ID: Вторжение,210,13,NC-17,1985-09-11,2006-01-01,9.1,Сэйнэн
Баскетбол Куроко 2,978,25,PG-13,1990-06-30,2012-11-21,9.2,Сёнэн
Золотое божество,366,12,NC-17,1992-05-15,2008-05-07,9.1,Кодомо
Двуличный братик Урамити,649,13,PG-13,1993-08-13,2007-04-24,9.1,Сёнэн
Вельзепуз,297,60,PG-13,1987-04-03,2004-03-29,9.1,Дзёсэй
Угроза для парня №1,865,13,PG-13,1995-11-26,2011-06-27,9.1,Дзёсэй
Кулинарные поединки Сомы: Четвёртое блюдо,225,12,PG-13,1989-11-04,2000-09-07,9.1,Дзёсэй
Тетрадь дружбы Нацумэ 5,283,11,PG-13,1988-08-06,2002-06-21,9.2,Дзёсэй
Моя геройская академия 2,228,25,PG-13,1991-11-06,2003-04-10,9.1,Дзёсэй
Баракамон,577,12,PG-13,1985-07-23,2013-07-31,9.1,Кодомо
Сон в замке демона,614,12,PG-13,1995-12-07,2011-04-01,9.1,Сэйнэн
Дом теней,406,13,PG-13,1990-05-20,2003-04-27,9.1,Кодомо
Сёва-Гэнроку: Двойное самоубийство по ракуго 2,707,12,PG-13,1988-06-03,2000-06-02,4.5,Дзёсэй
Угрюмый заклинатель духов 2,212,13,PG-13,1989-02-10,1997-11-26,9.1,Дзёсэй
Тетрадь дружбы Нацумэ 2,284,13,PG-13,1992-09-30,2015-03-20,9.1,Сёнэн
Эхо террора,813,11,NC-17,1993-06-23,2004-03-01,9.2,Сёнэн
Темный дворецкий: Глава о цирке,31,10,NC-17,1989-02-15,2007-12-12,9.1,Кодомо
Моя геройская академия 3,905,25,PG-13,1994-06-19,2013-04-27,9.1,Кодомо
Комбатанты будут высланы!,939,12,PG-13,1989-04-21,1999-02-20,9.1,Сэйнэн
Тяжкий труд в подземелье,145,12,PG-13,1988-10-20,2006-05-08,9.0,Сэйнэн
Ди Грэй-мен,204,103,PG-13,1988-05-11,2001-03-09,9.1,Сёнэн
"Как и ожидалось, моя школьная романтическая жизнь не удалась 3",421,12,PG-13,1995-01-07,2020-09-04,9.1,Кодомо
"Добро пожаловать в ад, Ирума!",782,23,PG-13,1993-02-01,2009-06-22,9.1,Сёдзё
Башня Бога,623,13,PG-13,1993-03-25,2015-01-05,9.1,Кодомо
Так сложно любить отаку,439,11,PG-13,1992-02-10,2015-08-29,9.1,Сёнэн
Гинтама,633,201,PG-13,1991-12-21,2018-04-06,9.1,Сёнэн
Красноволосая принцесса Белоснежка 2,461,12,PG-13,1993-02-14,2007-03-27,9.1,Сёдзё
Евангелион,506,26,PG-13,1988-09-20,1998-01-01,9.1,Кодомо
Сумеречная Дева и Амнезия,609,12,NC-17,1992-06-06,2016-11-01,9.1,Сэйнэн
Кулинарные поединки Сомы: Пятое блюдо,431,13,PG-13,1986-03-24,2009-10-30,9.1,Сэйнэн
Мартовский лев 2,504,22,PG-13,1994-06-14,2006-10-28,9.1,Дзёсэй
Из завтрашнего дня разноцветного мира,415,13,PG-13,1987-12-03,2003-08-20,9.0,Сэйнэн
Сонни Бой,225,12,PG-13,1991-03-08,2009-10-02,8.9,Дзёсэй
Повелитель 3,92,13,NC-17,1989-04-12,2018-12-16,9.1,Сэйнэн
Кошечка из Сакурасо,124,24,PG-13,1995-04-06,2021-02-15,9.1,Сэйнэн
Нет игры — нет жизни,258,12,PG-13,1987-04-01,2010-06-24,9.1,Кодомо
Звучи! Эуфониум 2,136,13,PG-13,1990-08-16,2004-09-02,9.1,Дзёсэй
Токийское восьмибалльное,41,11,PG-13,1987-05-07,2015-03-05,9.1,Сёнэн
Великий из бродячих псов,678,12,NC-17,1995-05-04,1997-07-02,9.1,Сэйнэн
Врата: Там бьются наши воины,693,12,NC-17,1994-12-01,1999-10-15,9.1,Дзёсэй
Кайдзи,396,26,NC-17,1986-06-27,2002-01-17,9.1,Сёнэн
Этот замечательный мир! 2,192,10,PG-13,1994-12-29,2012-11-02,9.1,Сёдзё
Бог старшей школы,411,13,PG-13,1988-11-23,2011-11-24,9.0,Сёдзё
Клетки за работой: Тёмная сторона,150,13,PG-13,1988-01-14,2017-11-18,9.0,Сёдзё
Цикл историй: Второй сезон,618,26,NC-17,1989-02-28,2012-03-01,9.1,Сёнэн
91 день,332,12,NC-17,1991-02-24,2016-02-12,9.0,Дзёсэй
Невеста чародея,342,24,PG-13,1985-06-22,2004-08-08,9.1,Сёнэн
Мир удона Поко,412,12,PG-13,1995-08-16,2007-05-31,9.0,Сэйнэн
Гинтама 7,119,12,PG-13,1988-11-09,2017-11-14,9.1,Дзёсэй
Врата: Там бьются наши воины — Огнедышащие драконы,650,12,NC-17,1986-10-17,2021-03-24,9.1,Сёдзё
Психопаспорт,203,22,NC-17,1987-10-04,1996-11-18,9.1,Кодомо
Дорохедоро,610,12,NC-17,1991-08-12,1998-12-19,9.1,Дзёсэй
Класс убийц,400,22,PG-13,1989-07-13,2004-12-08,9.0,Дзёсэй
Кафе из другого мира,987,12,PG-13,1990-02-12,1996-06-02,9.0,Дзёсэй
Волчий дождь,237,26,PG-13,1985-12-03,2000-08-09,9.1,Сёнэн
Добро пожаловать в класс превосходства,666,12,PG-13,1993-12-07,2012-05-09,9.0,Сэйнэн
Ре-Мейн,112,12,PG-13,1993-03-04,2008-08-29,9.1,Кодомо
Кэрол и Тьюсдей,583,24,PG-13,1991-07-15,2005-07-08,9.0,Кодомо
Президент студсовета — горничная!,707,26,PG-13,1987-05-28,2019-04-23,9.1,Сёдзё
Клетки за работой 2,44,8,PG-13,1988-05-22,2016-05-04,9.0,Сэйнэн
Рай Грисайи,475,10,NC-17,1988-01-28,1997-02-12,9.0,Сёдзё
Путь аса,875,75,PG-13,1991-05-11,2003-01-06,8.9,Дзёсэй
Баскетбол Куроко,60,25,PG-13,1985-02-11,2004-11-15,9.1,Сэйнэн
Приоритет чудо-яйца,245,12,NC-17,1993-12-22,2007-12-05,9.0,Кодомо
Семь смертных грехов 2,885,24,PG-13,1995-01-26,2003-07-25,9.0,Сёнэн
Сказка о Хвосте феи 3: Финал,953,51,PG-13,1990-07-20,2008-12-25,9.0,Сёдзё
Бездомный бог,345,12,PG-13,1995-08-23,2007-11-29,9.0,Сёдзё
Божества Идатэн в мирном поколении,432,11,NC-17,1995-05-13,2009-11-30,9.0,Сэйнэн
Re: Жизнь в альтернативном мире с нуля 2. Часть 2,101,12,NC-17,1992-02-20,2003-10-24,9.0,Сёнэн
Хладнокровный Хозуки,979,13,PG-13,1990-06-17,2020-09-24,9.0,Кодомо
Лог Горизонт,95,25,PG-13,1987-08-05,2010-10-06,9.0,Кодомо
Невероятное приключение ДжоДжо,511,26,NC-17,1990-04-05,2007-01-05,9.0,Дзёсэй
Мастера Меча Онлайн: Алисизация,274,24,NC-17,1988-02-13,2000-02-24,9.0,Кодомо
Лагерь на свежем воздухе,458,12,PG-13,1992-10-08,2001-10-31,9.0,Сёнэн
Re: Жизнь в альтернативном мире с нуля 2,273,13,NC-17,1994-01-06,2010-01-16,9.0,Сёдзё
Жизнь без оружия 2,151,12,PG-13,1987-06-20,2009-10-02,9.0,Сёнэн
Хакумэй и Микоти,26,12,PG-13,1990-12-14,2008-11-06,7.7,Сёнэн
Пять невест,212,12,PG-13,1991-08-24,2010-02-18,9.0,Сёнэн
Пожиратель душ,805,51,PG-13,1989-03-03,2015-06-04,9.0,Сёнэн
Небо в цвету!,25,13,PG-13,1993-06-19,2017-02-23,9.0,Сёдзё
Семь смертных грехов,774,24,PG-13,1986-01-08,2003-07-01,9.0,Сёдзё
Парад смерти,1000,12,NC-17,1987-08-29,2000-06-25,9.0,Сёдзё
Страна самоцветов,796,12,PG-13,1989-02-15,2010-01-06,9.1,Сэйнэн
Этот замечательный мир!,743,10,PG-13,1986-07-13,2019-12-09,9.0,Дзёсэй
"Как и ожидалось, моя школьная романтическая жизнь не удалась",128,13,PG-13,1993-10-29,1998-03-17,9.0,Сэйнэн
"Как и ожидалось, моя школьная романтическая жизнь не удалась 2",148,13,PG-13,1989-09-27,2019-04-30,9.0,Кодомо
Угрюмый заклинатель духов,74,13,PG-13,1990-08-16,2009-09-04,8.9,Дзёсэй
Рандеву с жизнью 3,299,12,NC-17,1990-04-30,2013-03-25,9.0,Дзёсэй
Невиданный цветок,379,11,PG-13,1993-07-19,2010-12-20,9.0,Кодомо
Мастера Меча Онлайн: Алисизация — Война в Подмирье,403,12,NC-17,1990-08-11,2020-03-07,9.0,Сэйнэн
Сказка о Хвосте феи 2,73,102,PG-13,1994-09-07,2005-06-13,9.0,Кодомо
Повелитель 2,117,13,NC-17,1991-02-05,2015-02-03,9.0,Дзёсэй
Акудама Драйв,822,12,NC-17,1991-12-10,2015-02-20,9.0,Сёдзё
Последний Серафим: Битва в Нагое,105,12,NC-17,1992-09-30,2014-11-18,9.0,Сёнэн
Импульс мира 2,414,12,PG-13,1991-02-25,2013-08-07,9.0,Дзёсэй
Торадора!,400,25,PG-13,1985-08-17,2017-12-14,9.0,Кодомо
Непризнанный школой владыка демонов,699,13,NC-17,1993-12-02,2014-06-08,9.0,Сёнэн
Усио и Тора,743,26,PG-13,1993-02-23,2010-06-25,9.0,Сэйнэн
Вольный стиль! Заплыв в будущее,58,12,PG-13,1993-10-10,2016-06-25,9.0,Кодомо
Маги: Лабиринт магии,274,25,PG-13,1986-09-02,2014-03-16,9.0,Сэйнэн
Темнее черного,991,25,NC-17,1994-04-09,2006-05-22,9.0,Кодомо
Судьба/Начало,989,13,NC-17,1990-06-05,1997-07-15,9.0,Сэйнэн
Самурай-гимнаст,139,11,PG-13,1989-04-23,2014-03-11,9.0,Сёдзё
Власть книжного червя,297,14,PG-13,1993-03-23,1996-12-24,9.0,Дзёсэй
Судьба/Великий приказ: Вавилония,594,21,PG-13,1989-05-21,2016-11-20,9.0,Сёнэн
Цугумомо 2,679,12,NC-17,1985-01-02,2005-01-08,9.0,Дзёсэй
Повторная жизнь,836,13,PG-13,1989-10-30,2002-04-11,8.9,Сёнэн
Игра Дарвина,194,11,NC-17,1987-04-22,1996-03-02,9.0,Сэйнэн
Некий научный Рейлган T,399,25,NC-17,1994-09-08,2007-11-21,9.0,Сэйнэн
Повар небесной гостиницы,931,26,PG-13,1987-08-17,2002-08-04,9.0,Сёдзё
"Если будешь не занят, спасёшь меня от апокалипсиса?",157,12,PG-13,1986-02-19,1997-09-04,9.0,Дзёсэй
Путешествие Кино: Прекрасный мир (2017),606,12,NC-17,1988-04-04,1998-06-18,9.0,Кодомо
Сальто назад!,359,12,R,1991-08-29,2017-01-24,9.0,Дзёсэй
Радиан 2,491,21,PG-13,1988-06-04,2000-12-29,8.9,Дзёсэй
История финала 2,625,7,NC-17,1987-05-22,2004-06-03,9.0,Кодомо
Ярость Бахамута: Невинная душа,285,24,NC-17,1992-12-23,2008-11-06,9.0,Кодомо
Путь аса: Второй акт,878,52,PG-13,1988-01-27,2010-07-27,8.9,Сёдзё
Клетки за работой,622,13,PG-13,1985-07-28,2019-03-03,8.9,Сэйнэн
Убийца гоблинов,294,12,NC-17,1994-06-04,1997-02-04,9.0,Сёнэн
Дворянство,941,13,NC-17,1985-10-29,2011-08-19,8.9,Сёнэн
Путь аса 2,808,51,PG-13,1994-02-14,2019-04-04,8.9,Сёдзё
Ремейк нашей жизни,429,12,PG-13,1989-03-01,2000-09-27,9.0,Дзёсэй
Токийский гуль,626,12,NC-17,1993-12-06,2001-05-09,9.0,Кодомо
Ярость Бахамута: Генезис,152,12,NC-17,1994-06-25,2021-02-16,8.9,Кодомо
Намбака,322,13,PG-13,1993-11-11,2020-06-21,8.9,Дзёсэй
Мы не можем учиться! 2,77,13,PG-13,1986-02-13,2015-01-17,8.9,Сэйнэн
Re: Жизнь в альтернативном мире с нуля,340,25,NC-17,1994-12-12,2005-10-11,8.9,Сёнэн
Первый шаг: Восхождение,213,25,PG-13,1989-10-22,1999-01-23,8.9,Кодомо
Военная хроника маленькой девочки,940,12,NC-17,1986-06-12,2019-10-09,8.9,Кодомо
Сказка о Хвосте феи,666,175,PG-13,1987-04-18,1998-08-28,8.9,Дзёсэй
Девушки в последнем путешествии,370,12,PG-13,1992-01-11,2000-04-05,9.0,Дзёсэй
Моя геройская академия,347,13,PG-13,1990-01-12,2009-02-10,8.9,Сёдзё
Звучи! Эуфониум,142,13,PG-13,1994-12-03,1996-11-06,9.0,Сёнэн
Девчонка не промах 2,179,9,PG-13,1994-10-26,2020-08-16,8.9,Кодомо
Смертоносный герцог и его чёрная горничная,256,12,PG-13,1991-03-12,1997-05-01,8.9,Сэйнэн
Добро пожаловать в NHK,156,24,NC-17,1995-08-23,1998-05-17,8.9,Сёнэн
Как вырастить мумию,614,12,PG-13,1991-12-24,1999-02-13,8.9,Сёдзё
Первоклассный адвокат 2,530,23,PG-13,1991-05-30,2010-05-25,8.9,Сэйнэн
"Может, я встречу тебя в подземелье? 3",965,12,PG-13,1987-02-22,2001-09-27,8.9,Кодомо
Моя реинкарнация в отомэ-игре в качестве главной злодейки,110,12,PG-13,1990-06-13,2015-04-18,8.9,Сёнэн
Хеллсинг: Война с нечистью,739,13,NC-17,1988-08-17,2015-03-29,8.8,Дзёсэй
Перезапись: Луна и Земля,715,11,PG-13,1989-06-30,2001-03-07,8.7,Дзёсэй
"Дальше, чем космос",564,13,PG-13,1991-04-04,1996-11-17,8.9,Сёдзё
Лог Горизонт 2,693,25,PG-13,1994-12-25,2011-09-06,8.8,Сёнэн
Красноволосая принцесса Белоснежка,875,12,PG-13,1990-12-18,1997-09-30,8.9,Сэйнэн
Красавчики-детективы,789,12,PG-13,1993-06-17,2005-08-02,8.8,Сёнэн
Контракт душ 2,350,12,PG-13,1994-05-11,1999-01-29,8.8,Сёдзё
История финала,604,12,NC-17,1989-08-06,1997-11-08,8.9,Сэйнэн
Арте,502,12,PG-13,1990-10-05,2002-02-02,8.9,Сэйнэн
"Не издевайся надо мной, Нагаторо",530,12,PG-13,1987-08-12,2010-11-10,8.8,Сёдзё
Ура мечте! 2,110,13,PG-13,1995-10-02,2020-08-30,1.7,Сёдзё
Стальная тревога! Искусная победа,508,12,NC-17,1990-04-22,2007-05-15,8.9,Сэйнэн
АККА: Инспекция по 13 округам,573,12,NC-17,1986-02-23,2017-02-15,8.8,Сэйнэн
Рандеву с жизнью 2,703,10,NC-17,1995-12-21,2002-03-22,8.9,Дзёсэй
Ангельские ритмы!,238,13,PG-13,1990-12-31,2010-06-01,8.8,Кодомо
Заботливая 800-летняя жена!,1,12,PG-13,1991-10-11,2006-09-19,8.8,Сэйнэн
Синий экзорцист,613,25,PG-13,1989-11-14,2006-03-09,8.9,Сёдзё
Стальная тревога! Новый рейд,320,13,NC-17,1986-11-08,2018-12-10,8.8,Сэйнэн
Моя геройская академия 5,321,25,PG-13,1988-12-29,2000-03-28,8.8,Сэйнэн
"Может, я встречу тебя в подземелье?",477,13,PG-13,1995-07-22,2001-11-29,8.8,Сэйнэн
Вольный стиль! Вечное лето,354,13,PG-13,1987-07-31,2020-02-19,8.9,Сэйнэн
"Ты единственная, кто любит Великого Меня?!",643,12,PG-13,1989-01-25,1998-05-16,8.8,Сёдзё
Плод Грисайи,742,13,NC-17,1991-06-02,1999-07-27,8.8,Сёдзё
Команда мечты,460,50,PG-13,1986-11-22,2017-06-12,8.8,Кодомо
Первый шаг: Новый вызов,312,26,PG-13,1992-01-05,2006-03-16,8.9,Дзёсэй
Чайная «Рокуходо»,985,12,PG-13,1993-06-01,1999-07-06,6.5,Сэйнэн
Сёва-Гэнроку: Двойное самоубийство по ракуго,319,13,PG-13,1992-06-05,2007-10-22,5.9,Сёдзё
Жизнь без оружия,109,12,PG-13,1994-06-17,1999-07-11,8.8,Кодомо
Паладин на поле,853,37,PG-13,1985-02-25,2004-10-22,8.6,Сёдзё
Дракон-горничная госпожи Кобаяси,774,13,PG-13,1995-05-09,1997-04-12,8.8,Дзёсэй
"Холмс на Тэрамати-Сандзё, Киото",711,12,PG-13,1994-01-21,2020-07-12,7.1,Дзёсэй
Хладнокровный Хозуки 2,442,13,PG-13,1991-07-31,2000-06-22,8.9,Дзёсэй
Дюрарара!! 2: Продолжение,591,12,NC-17,1995-03-28,2004-09-29,8.8,Кодомо
Выдающиеся звери,11,12,NC-17,1986-11-04,2011-02-01,8.7,Дзёсэй
Небесные волки: Сириус-егерь,288,12,NC-17,1986-07-23,2006-02-10,8.7,Сёдзё
Нас всегда разделяли 10 сантиметров,899,6,PG-13,1989-07-26,2004-02-07,8.7,Сэйнэн
Стальная тревога,755,24,NC-17,1995-01-28,2007-12-01,8.7,Сэйнэн
Рыбалка для школьниц после занятий,957,12,PG-13,1985-02-24,1999-10-25,8.7,Дзёсэй
Фена: Принцесса пиратов,16,12,PG-13,1989-05-13,2010-03-22,8.7,Дзёсэй
Западные ворота парка Икэбукуро,10,12,PG-13,1985-11-08,2017-02-06,8.7,Сёнэн
Когда плачут цикады,208,26,NC-17,1992-12-05,2010-09-25,8.7,Сёнэн
Дека-данс,106,12,PG-13,1988-03-12,2001-06-11,8.7,Сёдзё
Выдающиеся звери 2,785,12,NC-17,1992-04-04,2006-06-01,8.7,Сёнэн
"Я, Цусима",422,12,PG-13,1987-04-01,2014-08-20,8.7,Дзёсэй
Боец Баки,151,24,PG-13,1993-03-21,2007-01-01,8.7,Сёнэн
Хикару и Го,792,75,PG-13,1993-08-29,2019-02-06,8.7,Дзёсэй
Ми-ми-ми-мишка,86,12,PG-13,1987-04-28,2015-01-28,8.7,Кодомо
Мифический дух: Хроники,735,12,PG,1994-05-25,2007-03-22,8.7,Дзёсэй
Любовные неприятности: Тьма 2,789,12,NC-17,1991-10-05,1997-01-24,8.7,Сёдзё
Ханда-кун,491,12,PG-13,1993-05-27,2002-09-26,8.7,Сёнэн
Дуэт и вспышка молнии,939,12,PG-13,1991-07-29,2006-10-01,8.7,Сёдзё
Лострейдж: Объединение «WIXOSS»,780,12,NC-17,1986-04-14,1998-10-07,1.2,Кодомо
Рыцари и магия,149,13,PG-13,1986-05-07,2014-03-09,8.6,Сёдзё
Кошачий рай,104,12,PG-13,1987-02-05,2020-06-16,8.6,Кодомо
Праздник кукол,468,12,PG-13,1994-02-05,2004-09-02,8.7,Дзёсэй
Драконий жемчуг: Супер,231,131,PG-13,1985-10-23,2007-06-04,8.8,Сэйнэн
Призрак в доспехах: Синдром одиночки,435,26,NC-17,1993-06-21,2015-11-27,8.7,Сэйнэн
Девчонка не промах,565,12,PG-13,1995-08-13,2019-04-23,8.7,Дзёсэй
Дюрарара!! 2: Финал,377,12,NC-17,1990-01-20,2016-04-21,8.7,Сэйнэн
Стальная тревога? Фумоффу,411,12,PG-13,1994-04-14,2010-08-11,8.6,Сёдзё
"Доктор Рамунэ, специалист по мистическим болезням",888,12,PG-13,1991-07-14,1996-05-25,8.7,Сёдзё
Рояль в лесу,388,12,PG-13,1985-04-14,2020-01-10,8.8,Сёнэн
Мастера Меча Онлайн 2,987,24,PG-13,1986-01-05,2010-12-08,8.7,Кодомо
Школа мертвецов,551,12,NC-17,1989-07-03,2021-05-24,8.7,Сэйнэн
История одержимости,183,4,G,1995-12-03,2017-11-27,8.7,Кодомо
Синий экзорцист: Нечестивый король Киото,738,12,PG-13,1994-02-21,2011-03-15,8.7,Сёдзё
Мартовский лев,183,22,PG-13,1986-09-09,1999-02-17,8.7,Сёнэн
Путешествие Элейны,815,12,PG-13,1987-06-05,2003-05-30,8.7,Дзёсэй
Старшая школа DxD 3: Рождение,691,12,R,1995-07-06,2004-12-14,8.7,Сэйнэн
Досье лорда Эль-Меллоя II,956,13,NC-17,1990-02-27,2009-07-26,8.7,Сэйнэн
Оккультные служащие полуночи,534,12,PG-13,1994-01-14,2019-06-12,8.7,Дзёсэй
Слабый удар: Последняя стадия,775,4,PG-13,1989-12-22,2001-04-23,8.7,Кодомо
Мы свяжем лодку,649,11,PG-13,1992-12-12,2012-03-17,4.5,Сёдзё
Непутёвый ученик в школе магии,790,26,PG-13,1985-11-18,2012-10-27,8.6,Дзёсэй
Супер Каб,827,12,PG-13,1995-08-18,2009-10-30,8.7,Сёнэн
Осомацу-сан,638,25,NC-17,1985-10-27,2004-03-10,8.5,Дзёсэй
Шестая зона,210,11,NC-17,1991-11-25,2017-12-02,8.6,Дзёсэй
Чудачества любви не помеха!,383,12,PG-13,1988-10-31,1998-03-24,8.7,Сёдзё
Академия ведьмочек,66,25,NC-17,1989-04-14,1998-05-30,8.7,Сёдзё
Кизнайвер,825,12,PG-13,1987-04-16,2017-05-16,8.6,Кодомо
Не называй это любовью!,338,12,PG-13,1994-03-20,2006-05-20,8.7,Сёнэн
Спой мне «Yesterday»,669,12,PG-13,1990-01-04,2018-07-19,8.6,Кодомо
Вольный стиль!,568,12,PG-13,1988-10-10,1998-11-03,8.6,Сёдзё
Дюрарара!!,606,24,NC-17,1985-01-23,2017-11-14,8.7,Кодомо
Фронт кровавой блокады 2,225,12,NC-17,1986-05-17,2004-06-12,8.6,Кодомо
Некий научный Акселератор,271,12,NC-17,1993-02-09,2017-05-01,8.6,Сэйнэн
Любовные неприятности: Тьма,65,12,NC-17,1992-02-07,2003-02-21,8.6,Сэйнэн
"Прекрасна, как луна",764,12,PG-13,1985-05-01,2003-03-09,8.6,Сёдзё
Психопаспорт 2,51,11,NC-17,1986-07-30,2009-10-09,8.7,Дзёсэй
Доблесть рыцаря-неудачника,152,12,NC-17,1994-05-24,2012-11-12,8.6,Дзёсэй
Работа!! 2,616,13,PG-13,1987-03-16,2013-12-15,8.6,Сэйнэн
Деревенская глубинка,776,12,PG-13,1986-08-02,1997-12-03,8.6,Сёнэн
Заводной дух войны: Альдерамин в небе,958,13,NC-17,1985-06-29,2007-10-10,8.6,Сёнэн
Гаро: Печать пламени,123,24,PG-13,1988-11-07,2013-01-15,8.5,Дзёсэй
История цветов,762,5,PG-13,1992-12-21,1997-05-31,8.7,Сёдзё
Черная пуля,911,13,NC-17,1988-02-23,2020-08-17,8.6,Сёнэн
Садистская смесь,29,12,PG-13,1989-05-13,2003-06-06,8.6,Кодомо
Новая игра!,914,12,PG-13,1989-11-04,2006-08-08,8.6,Сэйнэн
Деми хотят поболтать,694,12,PG-13,1985-06-02,2011-05-28,8.6,Дзёсэй
За гранью,65,12,PG-13,1989-02-11,2013-06-13,8.6,Сёнэн
Живая любовь! Суперзвезда!!,106,12,PG-13,1993-08-15,2013-09-01,8.6,Сёнэн
Монополия моего героя,364,12,PG-13,1988-03-08,1996-06-11,8.7,Сёдзё
Девушка-сэнрю,894,12,PG-13,1993-01-03,2006-08-28,8.5,Дзёсэй
Мастерство копа,813,12,NC-17,1988-07-23,2020-01-09,8.6,Сёнэн
Глейпнир,166,13,NC-17,1991-04-24,2010-10-05,8.6,Сэйнэн
Как воспитать героиню из обычной девушки 2,352,11,PG-13,1993-02-16,2003-12-01,8.6,Дзёсэй
A3! Осень и зима,638,12,PG-13,1993-03-27,2001-09-02,8.6,Дзёсэй
Работа!! 3,589,13,PG-13,1995-02-06,2014-11-29,8.6,Сёдзё
Я побрился. Затем привёл домой старшеклассницу,780,13,NC-17,1993-09-15,2002-01-10,8.6,Дзёсэй
Первоклассный адвокат,803,24,PG-13,1989-10-21,2008-02-07,8.6,Сэйнэн
Смотрительница Сунохары,737,12,PG-13,1990-12-02,2016-06-16,8.6,Кодомо
Корзинка фруктов,456,26,PG-13,1993-12-24,1996-07-02,8.6,Сёдзё
Судьба/Апокриф,454,25,NC-17,1995-04-16,2017-06-28,8.5,Кодомо
Школа-тюрьма,875,12,NC-17,1987-02-28,2021-02-22,8.6,Сэйнэн
Изо всех сил!!,624,25,PG-13,1988-10-15,2011-08-03,8.5,Сёдзё
Буря потерь: Истребление цивилизации,418,24,PG-13,1988-07-18,2014-04-06,8.6,Кодомо
Попсовый эпос,205,12,PG-13,1985-07-29,1997-11-01,8.5,Сэйнэн
Номер 24,796,12,PG-13,1986-07-04,2007-01-04,8.5,Сёнэн
Яркая Тихая 3,698,24,PG-13,1994-01-31,2016-12-24,8.6,Сёнэн
Царство,802,38,NC-17,1989-12-07,2018-05-26,8.5,Сёдзё
Полноценная жизнь онлайн,509,10,PG-13,1995-08-18,2009-06-10,8.5,Сёдзё
Рандеву с жизнью,473,12,NC-17,1989-06-26,2010-10-14,8.5,Сёдзё
Старшая школа DxD,186,12,R,1987-01-12,2000-06-29,8.6,Сэйнэн
Экзотическая семейка,102,13,PG-13,1988-01-18,2013-04-28,2.1,Сёнэн
Внук мудреца,768,12,PG-13,1993-11-06,1996-08-03,8.5,Сёдзё
Мелочи жизни,526,26,PG-13,1986-12-13,2021-08-02,8.6,Сёдзё
Сервамп,354,12,NC-17,1994-02-05,2014-07-11,8.5,Сёнэн
Мой сосед Сэки-кун,6,21,NC-17,1995-08-22,2002-01-12,8.5,Сёнэн
Персона 5,243,26,NC-17,1992-10-25,2001-10-14,8.5,Сэйнэн
Старшая школа DxD 4: Герой,685,12,NC-17,1995-04-04,2010-12-06,8.5,Сёдзё
Коллекция Дзюндзи Ито,331,12,NC-17,1994-01-03,2014-04-26,8.5,Сёдзё
Безумный азарт,227,12,NC-17,1994-03-25,2013-08-04,8.5,Кодомо
История кошки: Чёрная глава,779,4,R,1987-03-23,2007-12-10,8.5,Сёдзё
Корона грешника,988,22,NC-17,1991-07-28,2020-12-19,8.5,Сёнэн
"Да, я паук, и что?",321,24,PG-13,1994-12-08,2005-08-04,8.5,Сёнэн
"Король демонов, попытайтесь снова!",150,12,PG-13,1988-12-20,2021-05-25,8.5,Сёдзё
Реальная девушка,654,12,PG-13,1994-05-26,2009-06-17,8.5,Дзёсэй
Путешествие Кино: Прекрасный мир,274,13,NC-17,1992-02-02,1998-03-08,9.8,Дзёсэй
Когда плачут цикады: Карма,939,24,NC-17,1989-01-30,2010-06-03,8.5,Сёнэн
Харука и Каната принимают подачу,54,12,PG-13,1992-07-25,2005-09-14,8.3,Сёнэн
Цирк марионеток,45,36,PG-13,1994-07-05,2019-01-23,8.4,Сэйнэн
Девушка на час,211,12,PG-13,1989-01-08,2007-08-24,8.4,Сёнэн
Инуясики,212,11,NC-17,1995-04-12,1999-09-06,8.4,Кодомо
Фантом: Реквием по Призраку,854,26,NC-17,1991-01-03,1999-10-09,8.5,Сёнэн
Боевая академия города Астериск 2,232,12,PG-13,1986-03-11,2017-09-23,8.4,Дзёсэй
7 самураев,557,26,PG-13,1993-01-17,2016-11-16,8.5,Дзёсэй
Моя реинкарнация в отомэ-игре в качестве главной злодейки 2,449,12,PG-13,1985-03-28,2017-11-17,8.4,Сэйнэн
Бездельные дни старшеклассницы,392,12,PG-13,1987-03-09,1998-07-26,8.5,Кодомо
Пожиратель богов,209,13,NC-17,1987-09-09,2001-02-16,8.5,Дзёсэй
Из нового света,307,25,NC-17,1988-04-08,2001-03-09,8.4,Сёнэн
Фронт кровавой блокады,421,12,NC-17,1985-03-04,1998-05-11,8.4,Сёнэн
Маг-целитель: Новый старт,155,12,NC-17,1985-07-01,2019-04-19,8.5,Сёдзё
Бананя,977,13,PG-13,1989-12-09,2016-03-23,8.4,Сэйнэн
Хроники Валькирии,68,26,PG-13,1992-03-23,2018-05-05,8.5,Сэйнэн
Эксперименты Лэйн,52,13,NC-17,1985-08-01,2015-04-07,8.6,Кодомо
Кровавый парень,781,10,PG-13,1985-06-01,2001-01-15,8.4,Сэйнэн
Миг за мигом,345,12,NC-17,1985-09-19,2019-12-15,8.4,Кодомо
Афросамурай,671,5,NC-17,1994-12-10,2003-11-08,8.4,Сёнэн
Атака! Титаны средней школы,879,12,PG-13,1986-08-12,2015-03-08,8.4,Сёдзё
Домекано,434,12,NC-17,1990-09-29,2001-06-11,8.4,Дзёсэй
Любовь эпохи Мэйдзи,917,12,NC-17,1988-02-10,2016-11-18,8.5,Сёдзё
Комиксистки,265,12,PG-13,1992-09-30,2012-05-14,8.1,Сёнэн
Избранный богами,313,12,PG-13,1995-09-20,2016-07-07,8.4,Сёнэн
Пикник в Потусторонье,983,12,PG-13,1991-02-06,2000-07-08,8.5,Сёнэн
Низкоуровневый персонаж Томодзаки,843,12,PG-13,1986-05-09,2009-10-19,8.4,Сёдзё
Хранитель вечности,396,12,PG-13,1994-05-15,2010-01-31,8.3,Дзёсэй
В песках поющие китята,867,12,PG-13,1992-11-05,2007-07-25,8.5,Кодомо
Ещё больше любовных неприятностей,67,12,NC-17,1989-06-28,2011-03-08,8.3,Кодомо
"Зачем Вы здесь, учитель?!",920,12,PG-13,1987-05-04,2000-11-04,8.4,Дзёсэй
Квартет из альтернативного мира 2,802,12,PG-13,1992-08-04,2018-08-26,8.4,Сёнэн
Герой-рационал перестраивает королевство,33,13,PG-13,1989-09-14,2001-07-01,8.4,Дзёсэй
Поддразнивание Такаги,680,12,PG-13,1985-05-15,2002-06-05,8.3,Сёдзё
Безумный азарт 2,974,12,R,1989-10-19,2001-07-26,8.4,Кодомо
Небесное бюро дизайна,509,12,PG-13,1988-11-06,2008-03-17,8.4,Кодомо
Литераторы и алхимики: Шестерни судей,864,13,PG-13,1995-11-05,1996-05-18,8.4,Сёнэн
Яркая Тихая,951,25,PG-13,1994-01-23,2007-07-16,8.5,Сёдзё
Марш смерти под рапсодию параллельного мира,345,12,PG-13,1985-05-21,2013-02-01,8.4,Сёдзё
Темнее черного: Близнецы и падающая звезда,390,12,NC-17,1987-07-05,2008-01-12,8.4,Сэйнэн
Закрыты в рамках. Геном [Прямая трансляция],630,12,PG-13,1995-05-13,2015-11-04,8.4,Дзёсэй
Цитрус,587,12,PG-13,1994-09-06,2019-01-12,8.3,Сёдзё
Двенадцать королевств,310,45,PG-13,1985-11-15,2001-12-06,8.6,Кодомо
Пустынная крыса,166,24,NC-17,1992-12-25,2002-10-25,8.4,Сэйнэн
Сказание о демонах сакуры: Сказание о Синсэнгуми,219,12,NC-17,1987-03-01,2009-12-03,8.4,Сёнэн
Сказание о демонах сакуры: Записи голубой крови,830,10,NC-17,1989-05-29,2021-04-08,8.5,Кодомо
Шумиха!,536,13,NC-17,1991-04-17,2004-09-24,8.5,Сэйнэн
Принцесса-шпионка,901,12,NC-17,1992-08-03,2016-06-13,8.5,Сёдзё
Цугумомо,341,12,NC-17,1985-08-13,2002-09-07,8.4,Сёдзё
Жрицы с мечами,439,24,PG-13,1994-10-24,2005-07-02,8.4,Дзёсэй
В конечном счёте я стану твоей,44,13,PG-13,1990-09-12,2002-06-12,8.4,Кодомо
Пламенное кабадди,465,12,PG-13,1985-11-26,2014-05-20,8.4,Сэйнэн
Боевая академия города Астериск,620,12,PG-13,1989-09-09,1999-07-25,8.3,Кодомо
Тринити: Семеро магов,560,12,PG-13,1990-06-29,2004-06-27,8.3,Кодомо
Адати и Симамура,444,12,PG-13,1993-02-18,2021-07-26,8.4,Сэйнэн
Бездарная Нана,753,13,NC-17,1991-06-09,2021-07-22,8.3,Сёдзё
Ура мечте! 3,665,13,PG-13,1986-06-12,2009-01-19,4.5,Сэйнэн
Токийский гуль 2,487,12,NC-17,1988-04-16,2013-02-26,8.4,Сёнэн
Покемон,276,276,PG,1993-08-19,2018-09-05,8.3,Сёдзё
Осомацу-сан 2,60,25,NC-17,1993-02-10,2017-01-24,2.5,Кодомо
Девушки-пони: Славное дерби,606,13,PG-13,1985-01-29,2011-06-16,8.3,Кодомо
Всемогущая магия святого,307,12,PG-13,1990-01-28,2011-03-06,8.4,Сёдзё
Рыцари Сидонии: Битва за девятую планету,854,12,NC-17,1988-03-17,2007-06-04,8.4,Сёдзё
Полулюди,542,13,NC-17,1989-09-21,2001-02-15,8.3,Сёдзё
Перезапись,519,13,PG-13,1986-11-13,2014-06-06,8.3,Кодомо
Габриэль бросает школу,76,12,PG-13,1985-05-19,2019-12-09,8.3,Сэйнэн
Повелитель тьмы: Другая история мира 2,355,10,PG-13,1992-02-24,2015-09-26,8.3,Сёнэн
Лилии на ветру 3,141,12,PG-13,1995-01-12,2020-01-20,6.7,Кодомо
Кровь+,489,50,NC-17,1994-08-24,2003-07-13,8.4,Кодомо
Ложные выводы,362,12,NC-17,1992-10-14,2007-10-09,8.3,Кодомо
Клубничная тревога!,280,26,PG-13,1991-05-15,2021-02-09,8.2,Сёнэн
Двуличная сестренка Умару! 2,975,12,PG-13,1995-01-13,2021-01-17,8.3,Сэйнэн
Когда плачут цикады: Выпускной,853,15,NC-17,1987-09-29,2002-02-15,8.3,Сёдзё
Девушки и танки,979,12,PG-13,1991-03-29,1996-09-14,8.3,Кодомо
"Я сказала, усредни мои способности!",485,12,NC-17,1990-01-05,1998-06-30,8.3,Дзёсэй
Линия Дьявола,573,12,NC-17,1991-08-01,2019-08-04,8.3,Сёнэн
Шерлок из Кабуки-тё,216,24,NC-17,1993-05-19,2002-03-16,8.3,Дзёсэй
Весы Нил Адмирари: Загадочная история Тэйто,424,12,PG-13,1995-01-24,2000-10-20,8.2,Дзёсэй
Грабитель,11,24,PG-13,1995-06-02,2018-09-05,8.3,Сэйнэн
Морская академия,190,12,PG-13,1995-06-11,2015-02-05,8.4,Сёнэн
Лог Горизонт 3,424,12,PG-13,1987-04-07,2000-04-19,8.3,Кодомо
"Последнее поле брани между тобой и мной, или Святая война сотворения мира",111,12,PG-13,1992-08-02,2008-07-17,8.4,Кодомо
Адская девочка: Двое заключенных,44,26,NC-17,1991-03-10,2020-08-20,8.3,Кодомо
Квартет из альтернативного мира,821,12,PG-13,1985-04-28,2011-11-19,8.3,Дзёсэй
Парень из эпохи Бакумацу,310,12,PG-13,1995-10-02,2015-04-07,9.7,Кодомо
Наруто: Найти темно-красный четырехлистный клевер!,296,1,NC-17,1990-12-21,2009-10-20,7.5,Сёнэн
Индекс волшебства II,136,24,NC-17,1992-04-12,2013-02-13,8.3,Дзёсэй
Рыцари Сидонии,835,12,NC-17,1991-09-22,1998-06-27,8.4,Кодомо
Нодамэ Кантабиле: Парижская глава,750,11,PG-13,1994-04-04,2003-12-10,9.2,Дзёсэй
Радиан,916,21,PG-13,1985-10-07,2006-12-18,8.3,Кодомо
Сказание о демонах сакуры: Хроники рассвета,782,12,NC-17,1986-08-19,2008-12-22,6.6,Сэйнэн
Психопаспорт 3,484,8,NC-17,1992-08-12,2011-11-01,8.3,Кодомо
Медленный старт,108,12,PG-13,1995-12-15,2005-03-19,4.7,Сёнэн
Данганронпа 3: Конец школы надежды — Отчаяние,851,11,NC-17,1986-04-22,2009-05-15,8.3,Сэйнэн
22/7,960,12,PG-13,1990-09-05,2005-02-11,8.2,Кодомо
Трусливый велосипедист 2: Большая дорога,786,24,PG-13,1989-11-03,2020-06-11,5.7,Сэйнэн
Сайт волшебниц,10,12,NC-17,1995-02-22,2013-01-14,8.3,Сэйнэн
Похотливая Ао не может учиться,988,12,PG-13,1986-03-18,1999-10-20,8.3,Сёдзё
Бюро паранормальных расследований Мухё и Родзи 2,66,12,PG-13,1988-07-26,2011-07-27,8.3,Дзёсэй
Школьной романтической комедии мешают мои мысленные выборы,690,10,PG-13,1986-12-16,1997-09-23,8.2,Сёнэн
Хроники непобеждённого Бахамута,593,12,PG-13,1993-02-23,2020-10-01,8.2,Сёдзё
Сезон беспокойных дев,692,12,PG-13,1986-08-27,2011-11-15,8.2,Сэйнэн
Взрыв!,32,12,NC-17,1993-11-24,2021-09-11,8.3,Дзёсэй
Актёры,880,12,PG-13,1995-02-10,2006-04-16,8.3,Сэйнэн
Дни,274,24,PG-13,1986-11-29,2009-07-27,8.4,Сёнэн
Волшебство: Ренессанс,44,13,PG-13,1987-07-17,2020-09-12,5.0,Сёдзё
Обещанный Неверленд 2,995,11,NC-17,1986-10-04,2012-12-30,8.2,Кодомо
Любовные неприятности,36,26,NC-17,1992-02-06,1997-12-29,8.3,Кодомо
Книжник-скелет Хонда,985,12,PG-13,1991-09-24,2008-12-28,8.2,Кодомо
Жизнь не в одиночку,998,12,PG-13,1991-03-24,2016-04-29,8.3,Сэйнэн
Фи Брейн: Загадка Бога,933,25,PG-13,1993-08-13,2000-04-29,8.3,Дзёсэй
Слабый удар,222,20,PG-13,1995-07-23,1996-05-11,8.3,Дзёсэй
Любовь похожа на прошедший дождь,859,12,PG-13,1990-08-17,2003-06-14,8.4,Дзёсэй
По велению адской сестры: Взрыв,749,10,NC-17,1987-06-27,2019-07-19,8.3,Кодомо
Обманщик: «Юные детективы» Рампо Эдогавы,130,24,PG-13,1990-06-23,2006-08-28,8.3,Сёдзё
Из якудза в идолы,936,10,NC-17,1992-04-08,2014-05-13,8.1,Сэйнэн
Бугипоп никогда не смеётся (2019),6,18,NC-17,1992-06-20,1997-09-20,8.2,Сёдзё
Остров,116,12,PG-13,1990-07-09,2021-06-27,8.4,Сёнэн
Легенда о героях Галактики (2018),675,12,NC-17,1986-06-11,2008-09-05,6.7,Дзёсэй
Ребята-чирлидеры!!,860,12,PG-13,1989-07-26,2001-08-22,5.7,Сэйнэн
Чистюля! Аояма,435,12,PG-13,1990-08-20,1998-05-14,8.3,Кодомо
Война двенадцати,503,12,NC-17,1988-05-20,1997-09-19,8.2,Кодомо
Мастера Меча Онлайн: Альтернативная «Призрачная пуля»,149,12,PG-13,1985-12-25,2008-05-30,8.3,Кодомо
Индекс волшебства III,885,26,PG-13,1985-12-27,2005-11-24,8.2,Кодомо
Семь смертных грехов: Гнев богов,594,24,PG-13,1985-02-10,2008-08-24,8.3,Кодомо
Кэйджо!!!!!!!!,339,12,PG-13,1991-04-21,2020-11-07,8.1,Кодомо
Девичьи воздушные силы,928,12,PG-13,1985-02-03,2010-05-23,8.2,Сэйнэн
Работа!!,599,13,PG-13,1986-05-04,2019-06-02,8.2,Кодомо
По велению адской сестры,871,12,NC-17,1995-10-31,2012-10-10,8.2,Кодомо
Доктор для девушек-монстров,226,12,PG-13,1995-04-25,2018-02-11,8.2,Сёнэн
Инспекторы чудес Ватикана,105,12,NC-17,1989-02-07,2009-07-21,8.2,Кодомо
Члены школьного совета 2,129,13,NC-17,1991-09-08,2003-02-10,8.3,Сёдзё
Трусливый велосипедист 3: Новое поколение,225,25,PG-13,1990-04-13,2019-02-27,8.8,Сёдзё
Битва через 5 секунд после встречи,484,12,PG-13,1987-05-04,2014-05-19,8.2,Сёнэн
Сотня,887,12,PG-13,1994-01-21,2012-09-01,8.2,Сэйнэн
Парни «Санрио»,835,12,PG-13,1993-05-06,2011-09-19,2.0,Дзёсэй
Городская дьяволица,607,12,PG-13,1985-09-27,2003-11-25,8.2,Дзёсэй
Любимый во Франксе,992,24,PG-13,1986-09-13,2016-02-15,8.2,Дзёсэй
Комнатный поход,708,12,PG-13,1985-01-16,2005-01-10,8.3,Сёнэн
Розарио + Вампир 2,862,13,NC-17,1989-03-05,2004-03-13,8.1,Сэйнэн
Токийский гуль 4: Перерождение 2,749,12,NC-17,1993-11-05,2019-07-25,8.2,Дзёсэй
"Если мой кумир споёт на Будокане, то я умру",679,12,PG-13,1995-08-14,2008-12-24,8.2,Сёдзё
Коидзуми-сан любит рамен,978,12,PG-13,1995-05-08,2019-10-18,4.6,Сёдзё
A3! Весна и лето,205,12,PG-13,1991-11-13,2010-04-11,8.2,Кодомо
Ниндзя Нобунаги 2,412,26,G,1992-03-16,2008-10-02,2.5,Дзёсэй
Специальный отдел криминальных расследований: Токунана,549,12,NC-17,1990-02-12,2018-07-01,8.1,Дзёсэй
Магазинчик сладостей 2,995,12,PG-13,1995-10-15,2019-11-20,8.2,Дзёсэй
Один из отвергнутых: Изгой,115,12,NC-17,1990-02-17,2011-10-10,8.2,Кодомо
Ангел спустился ко мне!,16,12,PG-13,1992-09-22,2005-06-24,8.2,Кодомо
Фуука,828,12,NC-17,1990-11-06,2020-07-05,8.2,Сёдзё
Как госпожа Вельзевул пожелает,632,12,PG-13,1991-12-08,2021-07-20,8.1,Сэйнэн
Моя горничная слишком надоедливая!,488,12,PG-13,1991-09-27,2019-01-16,8.2,Дзёсэй
В другом мире со смартфоном,351,12,PG-13,1988-07-04,2003-04-22,8.1,Сёдзё
Бедственная правда,226,12,NC-17,1991-12-07,1997-06-06,8.2,Сэйнэн
Нулевой Эдем,952,25,PG-13,1993-01-16,2020-03-28,8.2,Сёдзё
Тама: Откуда же он взялся?,730,11,PG-13,1993-08-25,2000-05-04,8.3,Сэйнэн
Живая любовь! Школьный клуб айдолов,665,13,PG-13,1992-06-08,2000-01-09,8.2,Дзёсэй
Разрушители,169,16,PG-13,1989-02-21,1996-06-17,2.7,Сёнэн
Семь смертных грехов: Яростное правосудие,4,24,PG-13,1987-05-03,2019-11-15,8.2,Дзёсэй
Как воспитать героиню из обычной девушки,686,12,PG-13,1988-09-20,1996-03-06,8.1,Сэйнэн
Клинок Бессмертного,847,13,NC-17,1987-03-26,2018-11-19,8.1,Сёдзё
Чара-хранители!,715,51,PG,1988-11-17,2017-12-30,8.3,Кодомо
Судьба/Ночь схватки,815,24,NC-17,1991-06-12,1996-08-20,8.1,Сэйнэн
Заказывали кролика?,4,12,PG-13,1987-01-20,2003-11-30,8.1,Дзёсэй
Танец мечей: Цветочный круг 2,938,12,PG-13,1989-10-22,1998-06-03,5.4,Сэйнэн
Да здравствует Амитабха: Лотус Утены,37,12,PG-13,1988-07-25,2008-03-09,9.8,Сёнэн
Трусливый велосипедист,897,38,PG-13,1994-11-10,1996-03-30,8.2,Кодомо
Пропавшие феи 2,736,12,PG-13,1993-07-10,2014-06-05,8.2,Сёдзё
Комендант общежития богинь,760,10,NC-17,1993-07-19,2007-10-15,8.1,Дзёсэй
Чара-хранители!! Сердцебиение,127,51,PG,1994-09-24,1997-11-20,8.1,Сэйнэн
Планета Короля Зверей,113,11,NC-17,1994-10-25,1997-09-01,8.1,Дзёсэй
Танец мечей,60,13,PG-13,1995-08-27,1998-11-20,8.1,Кодомо
Члены школьного совета,309,13,NC-17,1988-01-21,1996-11-16,8.1,Дзёсэй
Планета Уит,706,12,PG-13,1985-01-28,2011-04-28,1.7,Сёнэн
Бюро паранормальных расследований Мухё и Родзи,877,12,PG-13,1991-02-14,2011-05-30,8.1,Сёдзё
Небесный метод,11,13,PG-13,1987-06-14,2019-11-23,7.1,Сёнэн
Ниндзя Нобунаги,544,26,G,1990-12-20,1996-07-03,5.1,Сэйнэн
Добро пожаловать в Сэтон,80,12,PG-13,1989-10-17,1996-05-07,8.1,Дзёсэй
Индекс волшебства,658,24,NC-17,1987-01-07,2002-08-27,8.1,Дзёсэй
Бэм,422,12,PG-13,1989-10-04,2017-07-24,8.1,Сёдзё
"Готов ли ты влюбиться в извращенку до тех пор, пока она милая?",942,12,PG-13,1992-03-16,2004-02-15,8.1,Сёнэн
Отвергнутый священный зверь,2,12,NC-17,1985-01-09,2020-05-29,8.1,Сэйнэн
Судьба/Девочка-волшебница Иллия 3,374,12,PG-13,1986-08-12,2020-08-28,8.0,Кодомо
Штурмовые ведьмы,771,12,NC-17,1994-05-24,2008-05-23,8.1,Сёдзё
Смертельный укус,736,12,NC-17,1986-10-15,2010-10-29,8.1,Сэйнэн
Марш смерти под рапсодию параллельного мира,297,12,PG-13,1991-02-19,2000-05-09,8.4,Кодомо
Госпожа Вампир по соседству,66,12,PG-13,1991-05-31,2016-05-22,8.1,Дзёсэй
Одуванчик из призамкового города,23,12,PG-13,1992-07-27,2013-02-20,8.1,Сёнэн
Божественная семейка,252,13,PG-13,1993-07-31,2000-04-25,1.0,Сэйнэн
Я стою на миллионах трупов 2,252,12,PG-13,1989-08-28,2004-06-03,8.0,Сёдзё
Данганронпа 3: Конец школы надежды — Будущее,139,12,NC-17,1994-10-03,2021-02-16,8.0,Сёдзё
Несокрушимая механическая кукла,515,12,NC-17,1986-03-05,2011-12-29,8.1,Кодомо
Айтю: На полпути к идолу,195,12,PG-13,1987-03-06,2014-05-02,8.0,Дзёсэй
Удар крови,930,24,NC-17,1988-02-15,2014-09-01,8.1,Сёнэн
Лазурные огни,159,12,PG-13,1992-05-16,2002-06-02,8.1,Сэйнэн
"О том, кем работает король драконов",841,12,PG-13,1986-02-11,2007-10-23,8.1,Сэйнэн
Дневник будущего,294,26,NC-17,1985-06-03,2015-04-29,8.1,Сёнэн
Нодамэ Кантабиле,870,23,PG-13,1987-04-07,2014-08-12,7.2,Кодомо
Адская девочка,72,26,NC-17,1987-05-25,1997-10-06,8.0,Кодомо
Страна чудес смертников,853,12,NC-17,1990-04-06,2002-08-22,8.0,Сэйнэн
"Может, я встречу тебя в подземелье? Меч Оратории",93,12,PG-13,1991-03-06,2019-05-15,8.1,Сёнэн
Эпоха смут,642,12,PG-13,1994-10-24,1996-05-27,9.7,Сёдзё
Я требую яоя!,880,12,PG-13,1987-12-27,2003-02-27,8.0,Кодомо
Оккультная девятка,176,12,PG-13,1991-05-05,2013-07-06,8.1,Сёнэн
Заказывали кролика? 2,69,12,PG-13,1993-10-19,2019-05-16,7.9,Дзёсэй
Сверходарённым школьникам даже другой мир нипочём!,637,12,PG-13,1994-11-12,2002-01-01,8.0,Дзёсэй
Селектор: Заражение «WIXOSS»,261,12,NC-17,1985-10-26,2005-02-26,6.4,Сёнэн
Девичья опера: Свет ревю,349,12,PG-13,1988-08-31,1997-07-17,2.8,Сэйнэн
Бедствие ли это?,414,12,PG-13,1990-08-22,1996-04-13,8.0,Дзёсэй
Сумасшедшие ребята,730,11,PG-13,1992-07-24,2012-02-26,8.0,Дзёсэй
В поисках потерянного будущего,633,12,PG-13,1993-01-20,2017-10-04,7.9,Сёнэн
Белая коробка,289,24,PG-13,1990-01-19,2003-09-07,8.1,Дзёсэй
Лазурный путь,34,12,PG-13,1986-11-24,2002-10-26,8.0,Сэйнэн
С этим клубом точно что-то не так!,530,12,PG,1992-06-03,2019-07-31,8.0,Сёнэн
Гордость убийцы,311,12,PG,1991-07-28,2013-01-03,8.0,Сёдзё
Эроманга-сэнсэй,666,12,PG-13,1995-01-15,2002-07-11,8.0,Сёнэн
Штурмовые ведьмы 2,946,12,NC-17,1987-09-16,1996-03-04,4.0,Сёнэн
"Убивая слизней 300 лет, сама того не заметив, я достигла максимального уровня",586,12,PG-13,1986-03-20,1997-08-01,8.0,Сэйнэн
Парни из магазинчика,685,12,PG-13,1991-09-21,2000-10-16,7.9,Дзёсэй
Уж не зомби ли это? Среди мертвецов,717,10,NC-17,1991-08-30,2016-06-16,8.1,Сёдзё
Двуличная сестренка Умару!,421,12,PG-13,1991-12-31,1998-08-08,8.0,Сёнэн
Ода «Корица» Нобунага,708,12,PG-13,1991-04-18,2004-07-21,7.9,Дзёсэй
"Изетта, последняя ведьма",245,12,NC-17,1985-11-18,1998-11-18,7.9,Сёнэн
Капитан Цубаса,135,52,G,1992-01-07,2004-05-23,5.5,Кодомо
Селектор: Распространение «WIXOSS»,329,12,NC-17,1985-07-24,2005-07-22,8.7,Сэйнэн
Рок-шоу!! 2,893,12,PG-13,1990-01-04,2009-05-30,9.6,Сэйнэн
Сладкая жизнь,685,12,NC-17,1989-02-09,1998-07-29,8.0,Сёдзё
"Ты – хозяин, я – слуга",566,13,NC-17,1995-01-16,2007-08-01,8.0,Кодомо
Фантом в сумерках,878,12,PG-13,1995-12-25,1996-04-24,8.0,Сэйнэн
Дорога зверя,956,12,PG-13,1988-04-01,2016-07-21,8.0,Сэйнэн
Живая любовь! Сияние!!,203,13,PG-13,1990-10-05,2013-02-22,8.0,Дзёсэй
Лилии на ветру,989,12,PG-13,1991-07-09,2000-06-24,8.1,Сёнэн
Аккун и девушка,61,25,PG-13,1988-10-16,2020-01-22,7.9,Сэйнэн
Школьные войны 2: Судьба Дракона,916,12,NC-17,1989-09-04,2000-08-09,6.1,Сёнэн
"Было бы лучше, если бы здесь была только младшая сестра",306,12,NC-17,1986-12-11,1996-12-29,8.0,Сёдзё
Фантазия Гранблю 2,401,12,PG-13,1991-03-19,2003-08-16,8.0,Кодомо
Решающий удар!,288,12,PG-13,1986-08-28,1998-10-16,8.0,Дзёсэй
Ангел кровопролития,48,12,NC-17,1988-03-22,1999-04-22,7.9,Сэйнэн
Записки о робототехнике,462,22,PG-13,1992-08-20,1997-06-06,8.0,Сёнэн
Рок-шоу!!,607,12,PG-13,1995-06-26,1996-03-02,8.0,Кодомо
Уж не зомби ли это?,294,12,NC-17,1988-07-23,2006-12-12,7.9,Сёдзё
Радость подъема 3,488,13,PG-13,1991-03-12,2021-03-03,6.2,Кодомо
Розарио + Вампир,616,13,NC-17,1991-11-08,1999-08-23,7.9,Сэйнэн
Серебряный страж 2,99,6,PG-13,1986-01-24,2002-08-02,7.6,Кодомо
Я стою на миллионах трупов,25,12,PG-13,1993-11-16,1997-03-04,7.9,Дзёсэй
Звёзды ансамбля!,261,24,PG-13,1992-02-13,2017-09-16,2.3,Дзёсэй
Лазурный путь: Малый вперёд!,40,12,PG-13,1992-11-15,1996-05-18,7.9,Сэйнэн
Парень из эпохи Бакумацу 2,296,12,PG-13,1989-01-21,2018-11-08,9.1,Сэйнэн
Да просто так!,919,12,PG-13,1988-09-30,2020-11-30,8.0,Кодомо
Вавилон,56,12,NC-17,1987-07-09,2018-05-13,7.9,Сэйнэн
Магазинчик сладостей,764,12,PG-13,1993-11-11,2011-06-29,7.9,Кодомо
WWW.Работа!!,691,13,PG-13,1991-06-19,2021-06-02,7.9,Сёдзё
Волейбольный клуб старшей школы Сэйин,454,12,PG-13,1990-10-29,2019-06-24,7.9,Сёнэн
Детективное агентство дятла,3,12,NC-17,1985-12-24,1999-08-01,7.9,Кодомо
Бесконечный Дендрограм,788,13,PG-13,1986-01-05,2005-04-22,7.9,Сёнэн
Из одной комнаты 2,300,12,PG-13,1989-12-20,2021-03-19,2.5,Сёнэн
Бананя: Таинственные друзья,696,13,R,1990-12-13,2000-04-19,7.8,Сэйнэн
"Сильнейший герой, обученный в тайном подземелье",796,12,PG-13,1991-01-11,2016-08-09,7.9,Дзёсэй
Сакэ Вакако,813,12,PG-13,1992-06-02,2017-08-11,7.8,Кодомо
Трусливый велосипедист 4,862,25,PG-13,1995-02-13,2004-03-14,4.5,Сэйнэн
Атом: Начало,655,12,PG-13,1989-09-25,2020-02-24,9.4,Сэйнэн
Абсолютный дуэт,763,12,NC-17,1989-03-11,1997-02-06,7.9,Кодомо
Фи Брейн: Загадка Бога 3,900,25,PG-13,1986-05-27,2016-02-09,4.9,Сэйнэн
Магическая академия Атараксия: Гибрид x Сердце,385,12,NC-17,1986-09-21,2017-09-30,7.8,Сёдзё
Эндро!,958,12,G,1989-06-06,2006-12-03,9.8,Сэйнэн
Месть Масамунэ,536,12,PG-13,1987-09-11,2017-06-10,7.8,Кодомо
Рок-шоу! 3,375,12,PG-13,1992-10-06,2021-04-19,3.5,Сэйнэн
РобиХати,445,12,PG-13,1993-08-18,1998-05-08,7.7,Сэйнэн
Зомбиленд. Сага,282,12,NC-17,1988-01-19,1999-02-02,7.8,Сёнэн
Записи о магии: Девочка-волшебница Мадока★Волшебство — Гайдэн 2,923,8,PG-13,1986-03-07,2017-10-16,7.4,Сёнэн
Диназенон,261,12,PG-13,1988-06-29,2012-10-24,7.8,Кодомо
История семьи Аркана,322,12,PG-13,1988-07-08,2019-09-17,7.7,Сэйнэн
Свяжись со мной!,265,12,PG-13,1988-05-30,2021-07-24,5.8,Дзёсэй
Я и 23 раба,6,12,NC-17,1987-01-30,2013-03-27,7.8,Сёдзё
Страсть на кончиках пальцев: Мой друг детства — пожарный,69,8,NC-17,1991-06-21,2006-07-12,7.7,Кодомо
Заметки Ятогамэ,798,12,PG-13,1990-06-19,1996-07-24,8.1,Дзёсэй
Клуб кабуки,372,12,PG-13,1989-11-16,2003-03-16,5.0,Сёнэн
Адская девочка: Три пути,101,26,NC-17,1990-04-09,2010-03-21,8.6,Сёдзё
Судьба/Девочка-волшебница Иллия 2: Продолжение,799,10,PG-13,1988-11-06,2012-07-27,9.8,Кодомо
Смута: Принцесса снега и крови,700,12,NC-17,1992-11-06,2011-12-17,7.8,Сёдзё
"Вперёд, ко вселенной!!",956,39,PG-13,1990-01-26,2001-07-02,8.2,Сёдзё
Сарадзаммай,209,11,PG-13,1990-01-20,2003-04-13,7.8,Сёдзё
Берсерк 3,333,12,NC-17,1994-08-17,2019-02-04,7.7,Сэйнэн
Сказание о демонах сакуры: Книга сказок,637,12,PG-13,1994-10-19,1999-08-27,9.3,Сэйнэн
Двойной удар: Даг и Кирилл,859,13,NC-17,1991-01-04,2009-04-21,1.3,Сэйнэн
Горизонт посреди пустоты 2,101,13,NC-17,1989-11-29,2021-01-18,2.2,Дзёсэй
Судьба/Девочка-волшебница Иллия 2,609,10,PG-13,1985-04-07,2014-10-20,7.8,Сёдзё
Записи о магии: Девочка-волшебница Мадока★Волшебство — Гайдэн,321,13,PG-13,1995-08-23,2002-05-10,7.4,Кодомо
Храбрые ведьмы,319,12,NC-17,1988-08-03,1998-03-31,2.2,Дзёсэй
Страна снов и 100 спящих принцев,816,12,PG-13,1992-12-17,2007-05-15,2.4,Кодомо
Лострейдж: Побуждение «WIXOSS»,168,12,NC-17,1989-04-26,2014-10-26,3.1,Кодомо
Плеяда семи звёзд,23,12,PG-13,1985-01-27,2000-02-20,7.7,Кодомо
Дымная трава,638,12,PG,1995-06-15,2003-11-17,1.3,Сёнэн
Марафонцы!,77,12,PG-13,1987-03-19,2021-08-09,4.4,Кодомо
Штурм Лили: Букет,46,12,PG-13,1990-01-28,2007-07-08,7.8,Сёнэн
Ура мечте!,944,13,PG-13,1988-06-13,2015-07-30,3.7,Сэйнэн
Персона 4,151,25,PG-13,1993-05-08,2003-12-15,6.9,Сёдзё
Повелитель Рагнарёка и покровитель эйнхерий,621,12,PG-13,1995-05-05,1997-05-10,7.6,Сёнэн
Адская девочка: Разговоры в сумерках,760,12,NC-17,1988-07-21,2018-07-02,2.8,Сёнэн
Пустынная эскадрилья Котобуки,597,12,PG-13,1986-05-15,2020-02-17,7.9,Сэйнэн
"Гипнотический микрофон: рэп-баттл дивизионов, Райм-Анима",23,13,NC-17,1988-09-09,2018-06-27,7.7,Сэйнэн
Персиковый мальчик с того берега,607,12,PG-13,1992-08-22,2014-01-11,7.6,Сёнэн
Судьба/Девочка-волшебница Иллия,445,10,PG-13,1985-09-08,1997-04-27,7.6,Кодомо
"Восьмой сын, я так не думаю!",303,12,PG-13,1995-11-19,2015-12-30,7.7,Сэйнэн
Покемон: Солнце и луна,369,146,PG,1985-05-22,2002-09-09,7.5,Сэйнэн
Проект-Б: Амбициозное биение,696,12,PG-13,1991-02-27,2020-11-30,4.0,Сёдзё
Пропавшие феи,623,12,PG-13,1988-02-20,2020-08-06,7.6,Сёдзё
Моя девушка — убежденная извращенка-девственница,259,10,PG-13,1991-01-06,2001-01-31,7.6,Сёнэн
Кузнец святого меча,298,12,NC-17,1995-03-25,1999-02-20,7.6,Сёнэн
Герой Юки Юна,840,12,PG-13,1992-07-11,2011-02-25,4.8,Сёнэн
"Эй, люби меня всерьёз!",939,12,PG-13,1986-03-03,2011-04-13,7.7,Кодомо
Годзилла: Точка сингулярности,120,13,PG-13,1992-05-03,1999-08-25,7.7,Сёнэн
Связь принцесс: Повторное погружение,518,13,PG-13,1989-12-28,2005-09-24,7.6,Дзёсэй
"История о пареньке из деревни, расположенной перед сложнейшим подземельем",187,12,PG-13,1986-07-22,2015-01-31,7.6,Дзёсэй
Путь назад,954,24,PG-13,1985-01-29,2007-04-25,7.6,Кодомо
Слушатели,136,12,G,1994-04-11,2009-06-22,7.6,Сёнэн
Баскетбольный клуб!,53,12,PG-13,1994-03-13,2005-08-26,6.2,Сёдзё
Фи Брейн: Загадка Бога - Орден Орфея,153,25,PG-13,1990-01-26,2008-03-12,2.7,Сёнэн
Король Призмы: Семь сияющих звёзд,33,12,PG-13,1990-06-23,2018-10-03,8.6,Сёдзё
Давайте тоже слепим кружку,860,12,PG,1985-11-29,2017-09-18,7.5,Кодомо
Мои девушки,328,12,PG-13,1995-04-21,1999-12-23,7.6,Сэйнэн
"А ты думал, что твоя жена в онлайн-игре на самом деле не девушка?",150,12,PG-13,1991-03-18,2018-07-19,7.5,Сёдзё
Фантастическая Звезда Онлайн 2,912,12,PG-13,1988-07-31,2015-08-28,7.6,Сэйнэн
Z/X: Код воссоединения,495,12,PG-13,1995-10-02,2020-12-30,9.2,Сёнэн
Чара-хранители! Вечеринка!,166,25,G,1995-03-20,1996-09-19,2.4,Кодомо
Работяга,919,11,PG-13,1986-03-21,2000-12-23,8.9,Сэйнэн
Магмел синего моря,570,13,PG-13,1990-01-21,2021-01-08,7.6,Дзёсэй
Магия Стеллы,660,12,PG-13,1993-05-26,2020-07-13,6.7,Кодомо
Поющий принц 3,840,13,PG-13,1988-06-25,2004-07-03,7.5,Дзёсэй
Поющий принц 2,930,13,PG-13,1988-12-09,2018-06-18,7.6,Сэйнэн
Сумеречный разум 2041,486,12,NC-17,1995-01-19,1999-12-26,7.8,Дзёсэй
Подземелье Токио,981,26,PG-13,1990-11-26,2004-12-05,8.3,Сэйнэн
Черный кот,298,23,PG-13,1991-09-01,2014-03-06,7.7,Сёнэн
Судьба/Дополнение: Последний вызов на бис,445,10,NC-17,1990-10-07,2009-11-26,7.5,Дзёсэй
Проект Скард: Шрам Прэйтер,269,13,PG-13,1990-04-28,2001-02-26,7.6,Дзёсэй
Офисный работник из Африки,442,12,PG-13,1989-02-13,2004-04-24,1.4,Сэйнэн
Семёрка идолов 2,853,15,PG-13,1985-04-19,2001-12-25,2.2,Сёнэн
Питомец,656,13,NC-17,1986-04-27,2011-12-29,7.6,Кодомо
Фантастическая Звезда Онлайн 2: Эпизод Оракул,613,25,PG-13,1994-01-04,2020-12-19,3.9,Сэйнэн
Ну не может моя сестрёнка быть такой милой,835,12,PG-13,1986-09-07,2002-01-01,7.5,Дзёсэй
Девять золушек в августе,401,12,PG-13,1993-03-17,2004-06-03,6.0,Сёдзё
Клинок и душа,399,13,NC-17,1989-12-05,1997-12-24,7.5,Сэйнэн
Любовь и продюсер,467,12,PG-13,1994-09-02,2017-05-06,7.5,Кодомо
Космический линкор Тирамису,327,13,PG-13,1992-12-14,2010-02-08,1.3,Сэйнэн
Ну не может моя сестрёнка быть такой милой 2,605,13,PG-13,1991-01-04,2008-01-03,7.5,Кодомо
Школьные войны 3: Великие стражи,675,12,NC-17,1986-07-11,2006-04-13,5.8,Сёнэн
Лилии на ветру 2,719,12,PG-13,1993-08-07,2007-09-17,6.8,Сёнэн
Отикоборэ: Фруктовый пирог,244,12,PG-13,1986-09-12,2015-03-31,5.7,Сэйнэн
Геймеры!,267,12,PG-13,1994-04-16,2018-01-31,7.4,Кодомо
Фантастические дети,748,26,PG-13,1986-02-10,2019-03-01,5.6,Сёнэн
Нодамэ Кантабиле: Финал,265,11,PG-13,1990-04-19,2010-04-25,5.2,Кодомо
Живая любовь! Сияние!! 2,925,13,PG-13,1988-04-23,1999-01-18,5.5,Сэйнэн
Девочки-волшебницы: Специальная операция,576,12,NC-17,1985-11-02,2013-09-03,7.4,Сёдзё
Пристанище для потерянных,377,12,NC-17,1985-01-13,2002-03-24,7.4,Дзёсэй
Семёрка идолов,322,17,PG-13,1988-07-02,2003-04-05,3.7,Сёнэн
Поющий принц,526,13,PG-13,1994-10-04,2013-01-31,7.4,Сёдзё
Хлопушка-раскладушка,32,13,PG-13,1995-04-07,2009-07-12,9.0,Сёнэн
Судный день,497,11,NC-17,1986-11-05,1996-06-16,7.4,Сэйнэн
"RErideD: Деррида, покоривший время",840,12,PG-13,1986-09-19,2003-03-16,5.8,Кодомо
Фантазия Гранблю,212,13,PG-13,1995-03-19,2006-04-27,7.5,Кодомо
Серебряный страж,501,12,PG-13,1992-04-30,2002-08-21,7.1,Сёдзё
Волшебник-воин Орфен 2,334,11,PG-13,1992-12-28,1999-07-05,7.4,Сёдзё
"Моя единственная любовь — младшая сестрёнка, хоть она и не сестрёнка",365,10,NC-17,1985-06-23,2010-02-03,7.4,Сёнэн
Гридмен,875,12,PG-13,1988-04-16,1998-08-04,7.4,Дзёсэй
Токийский гуль 3: Перерождение,768,12,NC-17,1994-02-14,2011-12-09,7.4,Сёнэн
Королевская игра,821,12,NC-17,1985-04-28,2003-11-26,7.2,Дзёсэй
Миллион Артуров 2,775,13,PG-13,1989-03-07,1998-02-07,1.3,Сёдзё
Поющий принц 4,164,13,PG-13,1993-05-27,2012-08-01,1.2,Дзёсэй
Волшебный учитель Нэгима!,376,26,PG-13,1992-01-28,1997-05-11,5.6,Дзёсэй
Волшебник-воин Орфен,280,13,PG-13,1994-12-06,2012-02-01,7.3,Сёдзё
Бадминтон Аяно Ханэсаки,820,13,PG-13,1988-03-14,2018-03-06,5.2,Кодомо
Ван-Пис: Футбольный король мечты,382,16,R,1989-10-19,2002-12-19,6.9,Кодомо
Валькирия и любовь,537,12,NC-17,1995-11-17,2000-02-26,7.3,Кодомо
Мой жених — своенравный и инфантильный ученик,421,12,NC-17,1987-01-10,2000-03-04,7.4,Сёнэн
Цена улыбки,501,12,G,1994-08-14,2009-02-18,2.1,Кодомо
Дама и принц,527,12,PG-13,1988-03-01,2010-01-19,7.3,Кодомо
Заметки Ятогамэ 2,130,12,PG-13,1986-03-19,2006-11-26,7.4,Сёдзё
Мой «комплекс братика» морали не остановить!,564,12,NC-17,1993-01-16,2007-06-23,7.3,Дзёсэй
Клуб настольных игр,787,12,PG-13,1991-08-27,2013-05-10,7.4,Сэйнэн
Кровопийцы,195,12,NC-17,1987-10-27,1996-03-26,7.2,Дзёсэй
Исчезнувший город,497,12,PG-13,1994-11-24,2014-11-03,7.4,Сёнэн
Неуклюжая Уэно,316,12,PG-13,1995-01-17,2001-05-25,7.3,Дзёсэй
Новый принц тенниса,990,13,PG-13,1987-11-04,2011-03-11,6.1,Кодомо
Щелкунчик Китаро (2018),18,97,NC-17,1987-11-17,1999-07-22,6.4,Сэйнэн
"За мной, мои герои: Часть истины",733,12,PG-13,1985-04-30,2012-06-11,7.2,Дзёсэй
Магические войны,966,12,PG-13,1988-12-24,1998-08-08,7.3,Сэйнэн
Из одной комнаты,502,12,PG-13,1993-05-12,2016-11-08,7.2,Сэйнэн
Песня боевых принцесс: Мехасимфония 3,356,13,PG-13,1993-10-21,2010-09-05,9.9,Кодомо
"И все же, грешник танцует с драконом",151,12,NC-17,1988-09-02,2002-02-24,7.2,Кодомо
История Мерк,633,12,PG-13,1990-11-03,1996-02-07,7.4,Сёдзё
Штурмовые ведьмы: 501-й отряд поднимается в небо!,106,12,PG-13,1992-09-17,1999-11-26,7.2,Сэйнэн
Освобождение шпионов,374,12,PG-13,1988-03-04,2016-06-07,4.7,Дзёсэй
Цукумогами напрокат,848,12,PG-13,1986-02-13,2012-09-13,1.7,Сёнэн
Ускоренная девушка ⅙,715,12,PG-13,1990-05-02,2017-08-28,6.9,Сёдзё
Железнодорожный переезд,594,12,PG-13,1995-03-29,2018-07-13,3.4,Сэйнэн
Бог разрушения за соседней партой,104,12,PG-13,1991-06-07,2001-07-30,7.2,Сёнэн
Кровь-C,104,12,NC-17,1994-08-08,2014-10-17,7.2,Сёдзё
Тайна принцессы,756,13,PG-13,1991-09-17,2019-04-28,7.2,Дзёсэй
Аргонавис из «Ура мечте!»,97,13,PG-13,1987-01-17,2018-09-01,2.4,Кодомо
Дропкик злого духа,792,11,PG-13,1988-02-12,2002-10-01,7.3,Кодомо
Дракон в поисках дома,566,12,PG-13,1993-06-03,2009-04-12,7.2,Сэйнэн
Дзёсиоти: Девушка свалилась со 2-го этажа!,730,9,NC-17,1992-08-21,2018-01-11,7.1,Сэйнэн
"Романтическая комедия, в которой подруга детства ни за что не проиграет",593,12,PG-13,1988-08-25,2017-02-01,7.2,Сёдзё
Тамаёми,132,12,PG-13,1990-08-16,1998-02-20,6.2,Кодомо
Небесная машина Пандора,323,26,PG-13,1989-01-06,2007-03-25,7.9,Сэйнэн
Юная невеста Нобунаги,659,12,NC-17,1992-11-21,2017-01-03,7.2,Кодомо
Рыцари усердия,271,12,PG-13,1990-10-29,2020-11-07,4.6,Дзёсэй
Школьные войны 4: Экстремальный Иксполнитель,956,12,NC-17,1991-01-21,2016-05-09,6.9,Сёдзё
Формирование извращённой силы,964,12,NC-17,1989-08-27,1996-01-21,7.2,Дзёсэй
Новый мастер кулинарии,509,12,PG-13,1990-12-10,2016-02-21,4.9,Сёдзё
Улисс: Жанна д'Арк и рыцарь-алхимик,471,12,PG-13,1985-09-08,2015-06-01,7.2,Сэйнэн
Герой Юки Юна: История героя,928,6,PG-13,1985-07-10,2013-04-08,1.2,Сёдзё
Заметки Гримм,907,12,PG-13,1989-08-24,2020-07-29,7.2,Сёдзё
Прегрешение: Семь смертных грехов,598,12,NC-17,1991-10-16,2005-04-28,7.0,Сэйнэн
А всё-таки город вертится,836,12,PG-13,1989-12-22,2001-10-19,5.9,Сёнэн
Я пытался уговорить её в догэдза,536,12,NC-17,1987-05-04,2010-07-08,7.1,Сёдзё
Горизонт посреди пустоты,286,13,PG-13,1986-05-19,2019-02-01,7.0,Сёдзё
Гаро: Линия схода,626,24,NC-17,1989-08-02,2021-08-13,3.0,Сэйнэн
Королевский рейд: Наследники воли,96,26,NC-17,1990-09-26,2015-10-15,7.1,Кодомо
Второй Мэйджор,97,25,PG-13,1988-01-25,2011-09-10,4.1,Сёдзё
Мир ограничивается тобой. Анимация,714,12,PG-13,1995-06-16,2016-07-05,7.2,Сэйнэн
Берсерк 2,459,12,R,1992-05-25,2012-05-14,7.0,Кодомо
Сага о Гортензии,541,12,G,1991-04-20,2005-05-11,7.1,Кодомо
Проект-Б: Кульминационные эмоции,343,12,PG-13,1985-07-21,2018-10-25,1.5,Кодомо
Радость подъема 2,934,24,PG-13,1990-08-12,1999-07-11,9.1,Дзёсэй
Эпоха смут 3,901,12,PG-13,1993-03-30,1998-01-28,3.2,Сэйнэн
Герой Юки Юна: Глава Суми Васио,340,6,PG-13,1994-12-06,2009-05-06,2.6,Кодомо
Гостиница Окко,626,24,PG-13,1989-06-07,2021-11-30,7.4,Дзёсэй
Блудный сын,69,11,PG-13,1988-04-02,1999-06-28,1.2,Кодомо
Дни мечты,272,12,PG-13,1994-01-11,2002-12-20,7.5,Дзёсэй
Двойной ангел: Прорыв,771,12,PG-13,1987-10-20,2006-04-13,4.6,Сёнэн
Менеджер среднего звена Тонэгава,498,24,PG-13,1985-03-09,2012-03-04,9.9,Сёдзё
Девочка-волшебница Орэ,196,12,PG-13,1994-01-10,2007-09-01,4.0,Кодомо
.хак//ЗНАК,567,26,PG-13,1989-06-06,2004-03-29,8.4,Дзёсэй
Питер Грилл и время мудреца,368,12,NC-17,1990-10-14,2013-04-09,7.0,Сёнэн
Лунный проект,138,13,PG-13,1986-08-24,2017-11-05,1.2,Кодомо
Потерянная песня,703,12,PG-13,1990-05-03,2020-11-27,4.0,Кодомо
"Ты же любишь мамочку, удары которой бьют по площади двойным уроном?",986,12,PG-13,1986-02-26,2015-12-21,7.0,Сёдзё
Меч Жёлтого императора. Бледное сияние,443,13,PG-13,1986-05-03,2002-01-03,3.4,Дзёсэй
Запретная татуировка,724,12,NC-17,1993-04-18,2009-01-21,6.8,Сёнэн
Гранбелм,488,13,PG-13,1992-06-21,2005-11-12,5.7,Сёнэн
Персона: Душа троицы,788,26,PG-13,1990-05-23,2014-04-18,9.7,Дзёсэй
Маг-обманщик из другого мира,13,12,PG-13,1991-09-29,2016-12-18,6.9,Сёнэн
Мастер кулинарии,398,52,PG-13,1993-11-03,2007-12-05,9.4,Дзёсэй
"Путешественницы во времени: Мари, Вака и 8 ученых",76,12,PG-13,1992-12-28,2013-04-11,4.7,Сэйнэн
Божественные куклы,421,13,NC-17,1989-09-05,2003-07-03,7.6,Сёнэн
Люпен III: Часть IV,449,24,PG-13,1994-06-19,2010-09-22,6.5,Сёдзё
Винтовка прекрасна,239,12,PG-13,1987-05-20,2013-06-15,1.3,Кодомо
Секретное назначение девушек-ниндзя,293,12,PG-13,1991-12-18,2002-07-26,8.9,Дзёсэй
А вот и чёрная колдунья!,864,60,R,1991-12-01,2015-10-17,6.3,Сэйнэн
Радость подъема,616,12,PG-13,1989-04-21,2020-12-30,9.7,Сёдзё
Полководцы Сигрдрифа,414,12,G,1986-03-03,2018-06-24,6.8,Дзёсэй
Песня боевых принцесс: Мехасимфония,136,13,PG-13,1993-05-25,2011-11-01,4.0,Кодомо
Амантю! 2,497,12,PG-13,1990-05-28,2018-02-08,9.7,Дзёсэй
Дорога под Небом,103,26,NC-17,1991-11-08,2021-08-07,5.4,Сёнэн
Уиз,994,13,PG-13,1995-09-26,2006-08-19,6.4,Сёнэн
Владыка Вермилиона: Король алого лотоса,288,12,PG,1988-12-14,2003-12-16,6.8,Дзёсэй
Первый микс,299,13,PG-13,1989-03-14,2009-04-12,7.6,Сэйнэн
Знойный пинг-понг,158,12,PG-13,1985-12-19,2005-11-23,1.8,Сёнэн
Кандагава: Девушки на гидроциклах,257,12,NC-17,1991-08-13,2003-12-07,6.7,Сэйнэн
Музыкальная школа звёзд 2,345,12,PG-13,1991-05-27,2012-05-14,2.5,Сёнэн
Между небом и морем,139,12,PG-13,1993-04-08,2015-01-19,8.6,Сёнэн
Аниме-истории,65,12,PG-13,1994-11-20,2015-02-25,8.9,Кодомо
Разноцветная пастораль: Из Бермудского треугольника,438,12,PG-13,1991-06-13,2004-06-07,6.8,Кодомо
Дворецкие: История тысячи столетий,226,12,PG-13,1991-08-03,2007-09-12,1.8,Сёдзё
H2O: Следы на песке,589,12,PG-13,1994-05-02,2013-05-05,7.3,Сёдзё
Почётная ученица в школе магии,986,13,PG-13,1988-05-16,1999-04-18,6.7,Сёнэн
Миллион Артуров,981,10,PG-13,1986-11-04,2002-11-22,6.6,Сёнэн
Нэгима?!,14,26,PG-13,1990-04-03,2003-05-17,1.8,Сэйнэн
Музыкальная школа звёзд,850,12,PG-13,1990-10-01,2006-08-15,6.6,Кодомо
Мальчики Голливуда 2,952,13,PG-13,1985-10-09,2003-07-12,6.9,Сэйнэн
Двуличная сестренка Умару!,595,12,PG-13,1992-09-29,2002-06-01,8.0,Дзёсэй
Любовные страсти пансиона Татибана,743,12,NC-17,1987-06-16,2000-04-22,6.8,Дзёсэй
Детективное агентство Лейтон: Расследования Кэт,198,50,PG,1985-08-08,2005-08-14,4.1,Сэйнэн
"Президент, пришло время для битвы!",811,12,PG-13,1990-01-17,2015-12-31,6.6,Дзёсэй
Перерождение для тебя,449,50,PG-13,1989-03-18,2003-11-19,9.1,Сэйнэн
Космический линкор Тирамису 2,926,13,PG-13,1991-07-07,1997-02-27,6.9,Сёдзё
Девушки в багряном свете,990,12,PG-13,1995-03-19,2021-01-26,2.6,Сёдзё
Красавцы из клуба защитников Земли 2,752,12,PG-13,1990-09-04,2019-03-12,9.7,Дзёсэй
Семь рыцарей революции: Преемник героя,934,12,PG-13,1988-04-03,2004-05-13,6.7,Сёнэн
.хак//Легенда сумеречного браслета,108,12,PG-13,1988-10-16,1999-05-12,9.0,Сёдзё
Школьные войны,450,13,NC-17,1985-02-16,1998-02-08,6.6,Сёнэн
Искусство обмана,431,12,PG-13,1990-02-18,2005-07-01,6.5,Сёдзё
Иллюзия Хатэны,991,12,PG-13,1995-07-05,1996-07-30,6.5,Кодомо
Секретное назначение девушек-ниндзя 2,665,12,NC-17,1992-08-08,2004-05-25,8.4,Сэйнэн
11 глаз,441,12,NC-17,1985-01-07,2016-11-07,6.5,Сёнэн
Хочу стать сильнейшей в мире!,823,12,NC-17,1991-09-23,1996-03-09,8.8,Дзёсэй
Баскетбольный клуб! SS,992,12,PG-13,1986-08-18,2002-09-12,2.3,Сёдзё
Пастельные воспоминания,798,12,PG-13,1985-05-07,2000-05-09,8.4,Дзёсэй
Последний период: История бесконечной спирали,952,12,PG-13,1989-11-27,2018-12-06,3.8,Сэйнэн
Сакура — собирательница карт: Прозрачные карты,180,22,NC-17,1989-04-15,2000-02-20,2.1,Сэйнэн
Калигула,306,12,PG-13,1985-03-12,2001-03-03,6.5,Дзёсэй
Размеренная жизнь чит-фармацевта: Создание аптеки в альтернативном мире,675,12,PG-13,1988-02-09,2000-05-08,6.5,Кодомо
Проект «Белая Кошка»,783,12,PG-13,1992-11-03,2008-11-12,6.4,Сёнэн
Горячий парень Джей,630,25,PG-13,1991-09-09,2019-05-24,2.9,Дзёсэй
Разминка!,578,12,NC-17,1991-09-17,2009-12-23,2.5,Сэйнэн
Тэнка Хяккэн: Добро пожаловать в зал Мэйдзи!,810,12,R,1991-04-05,1997-03-17,1.2,Сёнэн
Две машины,986,12,PG-13,1987-07-12,2007-07-11,9.7,Дзёсэй
Люпен III: Часть V,310,24,PG-13,1987-01-16,1999-11-24,7.5,Дзёсэй
Амантю!,371,12,PG-13,1992-09-06,2010-01-02,7.6,Дзёсэй
"Активный рейд: Мобильная боевая дивизия, восьмой отряд",860,12,PG-13,1994-02-22,2017-03-04,9.4,Кодомо
Бугипоп никогда не смеётся,744,12,NC-17,1995-12-30,2004-07-06,2.0,Сёнэн
Алиса или Алиса: Брат-сисконщик и сёстры-близняшки,538,12,PG-13,1994-09-24,2015-11-04,3.7,Сёнэн
Урахара,791,12,PG-13,1988-11-14,1999-03-07,1.1,Дзёсэй
Цестус: Римский боец,130,11,PG-13,1992-12-15,2010-03-14,6.3,Сэйнэн
Микс: История Мэйсэй,199,24,PG-13,1989-01-16,2001-07-31,5.0,Сёдзё
Денежное поле,99,12,PG-13,1985-07-15,2014-07-30,6.7,Кодомо
Беззаботная старшеклассница,521,12,PG-13,1989-10-05,2016-03-21,6.3,Сэйнэн
Эпоха смут 2,626,12,PG-13,1992-02-11,2016-03-25,2.3,Кодомо
Сакура: Новая война миров,939,12,PG-13,1991-07-05,2016-10-24,4.2,Кодомо
Гаро: Багровая луна,772,23,PG-13,1987-05-20,2003-04-12,2.1,Кодомо
Мальчики Голливуда,283,13,PG-13,1994-05-05,2014-08-31,6.6,Сёдзё
Ярость Бахамута: Друзья из Манарии,779,10,PG-13,1992-06-12,2012-01-26,6.3,Кодомо
Бубуки Буранки,753,12,PG-13,1990-05-07,1999-10-24,4.7,Кодомо
Поэзия теней,690,48,PG-13,1986-02-22,2007-09-04,6.2,Сёдзё
Песня боевых принцесс: Мехасимфония 4,270,13,PG-13,1993-02-08,2018-09-02,8.3,Сэйнэн
Музыкальная школа звёзд 3,939,12,PG-13,1995-06-13,2014-03-05,6.8,Дзёсэй
Семь небесных добродетелей,913,10,NC-17,1994-04-06,2005-04-06,5.9,Сёдзё
Физиология извращенцев,85,13,NC-17,1989-12-21,1999-04-24,3.0,Сэйнэн
Госпожа Умница,556,42,PG-13,1991-09-15,2004-05-30,5.6,Сэйнэн
Лунная песнь,132,13,PG-13,1987-01-21,1997-03-14,3.9,Сёнэн
"Прощай, мой дорогой Крамер",152,13,PG-13,1986-11-27,2011-07-27,6.2,Сэйнэн
Хроники клуба Возвращения домой,30,12,PG-13,1991-12-28,2016-10-12,1.3,Дзёсэй
Тысяча мушкетёров,661,12,PG-13,1989-05-05,2020-06-16,6.3,Сёдзё
Зачатие: Роди мне ребёнка!,117,12,PG-13,1987-08-14,2019-06-15,5.9,Сёнэн
Рок-шоу! Звёзды!,877,12,PG-13,1991-02-08,2015-07-20,3.6,Сэйнэн
Матой: Изгоняющая духов,763,12,PG-13,1994-08-01,2009-06-06,9.6,Сёнэн
Z/X: Зажигание,651,12,PG-13,1993-10-06,1997-12-29,4.3,Сёдзё
Легенда о перевороте: Роман о заклятых богах,23,26,PG-13,1989-06-25,2000-03-14,8.8,Кодомо
Синий луч отражения,447,24,PG-13,1986-05-13,2019-10-04,5.9,Кодомо
Суши-полиция,48,13,PG-13,1992-05-04,2021-01-10,1.3,Сэйнэн
Песня боевых принцесс: Мехасимфония 2,501,13,PG-13,1992-11-18,2009-03-14,2.9,Дзёсэй
Заметки Ятогамэ 3,589,12,PG-13,1991-12-30,2015-01-28,4.8,Дзёсэй
Персона 4: Золотое издание,769,12,PG-13,1986-05-11,2021-12-31,8.7,Сэйнэн
25-летняя старшеклассница,792,12,NC-17,1986-10-15,2001-05-15,5.9,Кодомо
Василиск: Легенда об Оке,371,24,NC-17,1987-07-31,2008-03-24,6.2,Дзёсэй
Красавцы из клуба защитников Земли,941,12,PG-13,1994-09-05,2020-08-01,1.1,Кодомо
Моя первая любовь — монстр,801,12,PG-13,1991-04-23,2012-02-10,5.9,Кодомо
Лиричная волшебница Наноха: Искатели,302,26,PG-13,1994-05-05,1999-03-15,4.0,Сёнэн
"Активный рейд: Мобильная боевая дивизия, восьмой отряд 2",587,12,PG-13,1993-04-28,2001-11-05,7.7,Сёнэн
Гяру и динозавр,709,12,PG-13,1988-09-05,1998-07-04,2.6,Сёдзё
Девушки в доспехах,217,12,PG,1986-09-10,1996-09-13,5.5,Сёнэн
Феи из бутылки,578,13,G,1988-06-09,2014-12-16,8.8,Сэйнэн
Вперед! Вперед! 575,303,4,PG-13,1993-10-15,2012-06-02,5.3,Дзёсэй
Охотник за душами,584,23,PG-13,1988-09-08,2001-12-12,4.6,Сёдзё
Школа смут,487,12,PG-13,1991-07-09,2011-01-15,3.6,Сёнэн
Пожиратель душ: Класс «НОТ»,662,12,PG-13,1988-12-11,2001-07-01,5.2,Сэйнэн
Лиричная волшебница Наноха,780,13,PG-13,1993-11-29,2017-09-19,3.9,Сёдзё
Невеста титана,620,9,NC-17,1991-06-20,1996-07-04,5.2,Сёдзё
Джибиэйт,693,12,NC-17,1993-12-09,2008-07-29,5.2,Сёнэн
Бубуки Буранки: Звезда гигантов,817,12,PG-13,1989-12-23,2009-12-25,1.7,Сёнэн
Карточные бои «Авангард»! Замещение,884,12,PG-13,1992-05-07,2010-01-13,5.1,Сэйнэн
Музыкальные девчонки,676,12,PG-13,1987-02-21,2012-02-16,7.3,Сэйнэн
Лиричная волшебница Наноха: Ас,819,13,PG-13,1990-08-11,1999-09-14,5.8,Дзёсэй
Экс-Арм,279,12,PG-13,1995-05-03,2021-09-25,2.7,Сёнэн
Школа между измерениями,563,11,PG-13,1994-12-01,2010-02-03,2.5,Сёдзё
Девушки-пони: Ёнкома,212,12,PG-13,1986-07-09,2010-05-20,3.4,Дзёсэй
Мув-Лув: Альтернатива — Полное затмение,549,24,NC-17,1990-04-02,2001-08-06,3.4,Кодомо
Кровь Триединства,594,24,NC-17,1993-09-24,1998-12-06,8.9,Сёдзё
"Клинок, рассекающий демонов: Бесконечный поезд",577,7,NC-17,1989-09-26,2016-01-06,9.2,Сёдзё
Чёрные метки,259,12,NC-17,1993-07-03,2019-02-08,7.8,Кодомо
Мув-Лув: Альтернатива — Полное затмение,485,24,NC-17,1994-08-05,2001-01-15,7.5,Сёдзё
Божественная семейка,496,13,PG-13,1989-05-25,2000-02-02,8.2,Сёнэн
Девушки-пони: Ёнкома,749,12,PG-13,1988-01-17,2020-08-22,7.2,Дзёсэй
Девушки-пони: Славное дерби 2,62,13,PG-13,1988-08-27,2020-01-22,5.9,Дзёсэй
Кафе из другого мира,648,12,PG-13,1989-12-09,2016-05-05,9.0,Сэйнэн
Повесть о доме Тайра,128,11,PG-13,1989-11-03,1999-03-03,9.1,Кодомо
Записи о магии: Девочка-волшебница Мадока★Волшебство — Гайдэн 2,276,8,PG-13,1994-04-28,2000-01-06,7.4,Кодомо
Фена: Принцесса пиратов,609,12,PG-13,1987-10-21,2000-05-08,8.7,Кодомо
"Я, Цусима",442,12,PG-13,1985-09-26,2011-12-04,8.7,Сёдзё
D_Cide: грёзы,973,13,PG-13,1988-04-20,1999-03-01,5.6,Кодомо
Месть Масамунэ,346,12,PG-13,1993-10-19,2004-11-28,7.8,Сэйнэн
Морская академия,610,12,PG-13,1988-02-11,2018-01-21,8.4,Кодомо
Смертоносный герцог и его чёрная горничная,63,12,PG-13,1986-11-21,2014-11-18,8.9,Сёнэн
Когда плачут цикады: Выпускной,672,15,NC-17,1992-05-23,1996-06-25,8.3,Сёдзё
Детектив уже мёртв,571,12,PG-13,1988-04-10,2006-03-18,8.6,Кодомо
Готика,898,24,NC-17,1987-04-12,2010-09-06,9.2,Сэйнэн
Сумеречный разум 2041,428,12,NC-17,1994-02-24,2009-03-11,7.8,Сэйнэн
Кровь Триединства,79,24,NC-17,1986-07-06,2004-02-10,8.9,Сэйнэн
"Клинок, рассекающий демонов: Бесконечный поезд",226,7,NC-17,1992-10-20,2008-03-06,9.2,Сёдзё
Чёрные метки,299,12,NC-17,1986-05-15,1999-09-06,7.8,Дзёсэй
Мув-Лув: Альтернатива — Полное затмение,852,24,NC-17,1986-03-15,2015-08-20,2.9,Сёдзё
Божественная семейка,218,13,PG-13,1989-11-27,2011-08-07,7.9,Дзёсэй
Девушки-пони: Ёнкома,506,12,PG-13,1989-03-19,2001-05-16,4.0,Сэйнэн
Девушки-пони: Славное дерби 2,910,13,PG-13,1993-09-29,2019-09-24,9.4,Сёнэн
Кафе из другого мира,935,12,PG-13,1991-03-19,2020-12-25,9.0,Сёдзё
Повесть о доме Тайра,268,11,PG-13,1990-06-02,2002-08-18,9.1,Сёнэн
Записи о магии: Девочка-волшебница Мадока★Волшебство — Гайдэн 2,476,8,PG-13,1990-07-05,2001-06-02,7.4,Сёдзё
Фена: Принцесса пиратов,375,12,PG-13,1989-02-27,2003-07-09,8.7,Дзёсэй
"Я, Цусима",655,12,PG-13,1990-09-26,2007-10-13,8.7,Дзёсэй
D_Cide: грёзы,597,13,PG-13,1988-12-28,2020-08-08,5.6,Сэйнэн
Месть Масамунэ,100,12,PG-13,1992-02-11,1998-07-29,7.8,Дзёсэй
Морская академия,190,12,PG-13,1994-03-03,1996-05-29,8.4,Сёнэн
Смертоносный герцог и его чёрная горничная,500,12,PG-13,1994-12-22,2011-02-25,8.9,Сёдзё
Когда плачут цикады: Выпускной,996,15,NC-17,1990-08-09,1997-11-17,8.3,Сёнэн
Детектив уже мёртв,8,12,PG-13,1987-01-14,2015-12-11,8.6,Сэйнэн
Готика,136,24,NC-17,1985-07-25,2010-11-20,9.2,Дзёсэй
Сумеречный разум 2041,883,12,NC-17,1986-01-03,2017-12-07,7.8,Сёнэн
Кровь Триединства,280,24,NC-17,1994-04-22,2014-10-21,8.9,Кодомо
"Клинок, рассекающий демонов: Бесконечный поезд",703,7,NC-17,1994-03-27,2003-04-23,9.2,Кодомо
Чёрные метки,188,12,NC-17,1991-11-09,2005-07-16,7.8,Дзёсэй
Мув-Лув: Альтернатива — Полное затмение,636,24,NC-17,1986-02-14,2021-01-19,6.6,Дзёсэй
Божественная семейка,861,13,PG-13,1987-05-19,1997-08-29,7.4,Сёдзё
Девушки-пони: Ёнкома,110,12,PG-13,1988-08-02,2002-10-19,6.2,Сэйнэн
Девушки-пони: Славное дерби 2,633,13,PG-13,1987-07-02,2014-03-30,8.1,Сёдзё
Кафе из другого мира,193,12,PG-13,1994-11-22,1996-07-27,9.0,Сёнэн
Повесть о доме Тайра,610,11,PG-13,1992-07-31,1999-02-25,9.1,Сёдзё
Записи о магии: Девочка-волшебница Мадока★Волшебство — Гайдэн 2,838,8,PG-13,1993-02-07,2008-07-15,7.4,Кодомо
Фена: Принцесса пиратов,442,12,PG-13,1989-06-23,2020-12-03,8.7,Сёдзё
"Я, Цусима",784,12,PG-13,1994-02-04,2021-09-10,8.7,Сёнэн
D_Cide: грёзы,154,13,PG-13,1988-09-11,1998-07-09,5.6,Сэйнэн
Месть Масамунэ,797,12,PG-13,1987-07-17,2013-05-11,7.8,Кодомо
Морская академия,331,12,PG-13,1991-02-06,2006-11-09,8.4,Сёдзё
Смертоносный герцог и его чёрная горничная,199,12,PG-13,1994-07-12,2001-09-24,8.9,Сэйнэн
Когда плачут цикады: Выпускной,785,15,NC-17,1985-08-22,2004-08-25,8.3,Сёнэн
Детектив уже мёртв,409,12,PG-13,1990-09-30,2016-03-18,8.6,Сэйнэн
Готика,589,24,NC-17,1993-02-02,2009-09-26,9.2,Сэйнэн
Сумеречный разум 2041,455,12,NC-17,1985-01-27,2016-08-27,7.8,Сэйнэн
Кровь Триединства,402,24,NC-17,1994-03-26,2006-11-25,8.9,Сёнэн
"Клинок, рассекающий демонов: Бесконечный поезд",868,7,NC-17,1990-09-14,2009-12-30,9.2,Сёнэн
Чёрные метки,511,12,NC-17,1994-03-12,2012-08-27,7.8,Сэйнэн
Мув-Лув: Альтернатива — Полное затмение,239,24,NC-17,1985-12-20,2009-06-20,2.6,Кодомо
Божественная семейка,789,13,PG-13,1995-11-18,2017-11-28,2.9,Дзёсэй
Девушки-пони: Ёнкома,686,12,PG-13,1988-08-22,2003-06-23,1.2,Сёнэн
Девушки-пони: Славное дерби 2,149,13,PG-13,1988-12-09,2006-06-10,8.7,Сёнэн
Кафе из другого мира,933,12,PG-13,1992-11-04,2015-07-23,9.0,Кодомо
Повесть о доме Тайра,966,11,PG-13,1987-10-22,2003-06-22,9.1,Сёдзё
Записи о магии: Девочка-волшебница Мадока★Волшебство — Гайдэн 2,532,8,PG-13,1985-06-07,2006-09-04,7.4,Сёнэн
Фена: Принцесса пиратов,401,12,PG-13,1994-01-05,2018-07-07,8.7,Сэйнэн
"Я, Цусима",983,12,PG-13,1986-12-15,1998-09-05,8.7,Дзёсэй
D_Cide: грёзы,420,13,PG-13,1990-11-19,2016-02-21,5.6,Кодомо
Месть Масамунэ,699,12,PG-13,1995-09-15,2015-12-20,7.8,Сёнэн
Морская академия,788,12,PG-13,1985-01-18,2005-12-14,8.4,Сэйнэн
Смертоносный герцог и его чёрная горничная,281,12,PG-13,1986-05-06,2011-11-06,8.9,Кодомо
Когда плачут цикады: Выпускной,744,15,NC-17,1985-08-22,2004-09-25,8.3,Сёнэн
Детектив уже мёртв,701,12,PG-13,1994-05-30,2007-06-06,8.6,Кодомо
Готика,880,24,NC-17,1989-04-15,2015-08-09,9.2,Кодомо
Сумеречный разум 2041,896,12,NC-17,1985-12-14,2020-03-30,7.8,Сёнэн
Кровь Триединства,273,24,NC-17,1991-02-16,2017-01-14,8.9,Дзёсэй
"Клинок, рассекающий демонов: Бесконечный поезд",988,7,NC-17,1994-09-06,1996-11-08,9.2,Сёдзё
Чёрные метки,599,12,NC-17,1993-11-10,2009-01-20,7.8,Сёдзё
Мув-Лув: Альтернатива — Полное затмение,299,24,NC-17,1995-02-16,2019-10-24,9.2,Сёдзё
Божественная семейка,934,13,PG-13,1995-05-15,1998-09-23,7.6,Сэйнэн
Девушки-пони: Ёнкома,934,12,PG-13,1985-07-17,2010-09-26,5.5,Кодомо
Девушки-пони: Славное дерби 2,998,13,PG-13,1991-09-06,2004-10-23,8.5,Кодомо
Кафе из другого мира,565,12,PG-13,1985-08-18,1998-06-12,9.0,Сэйнэн
Повесть о доме Тайра,867,11,PG-13,1994-01-14,2009-07-06,9.1,Сэйнэн
Записи о магии: Девочка-волшебница Мадока★Волшебство — Гайдэн 2,308,8,PG-13,1994-11-15,2021-11-02,7.4,Сёдзё
Фена: Принцесса пиратов,954,12,PG-13,1994-10-06,1996-07-20,8.7,Дзёсэй
"Я, Цусима",979,12,PG-13,1991-07-04,2003-07-12,8.7,Сэйнэн
D_Cide: грёзы,738,13,PG-13,1987-07-13,2008-07-20,5.6,Кодомо
Месть Масамунэ,573,12,PG-13,1995-02-23,1996-07-01,7.8,Сэйнэн
Морская академия,700,12,PG-13,1991-09-25,2010-10-08,8.4,Кодомо
Смертоносный герцог и его чёрная горничная,934,12,PG-13,1985-07-15,2004-12-25,8.9,Дзёсэй
Когда плачут цикады: Выпускной,778,15,NC-17,1986-05-24,2019-11-01,8.3,Сёдзё
Детектив уже мёртв,396,12,PG-13,1991-01-30,1996-12-08,8.6,Сёдзё
Готика,574,24,NC-17,1993-10-18,2019-06-22,9.2,Сёнэн
Лагерь на свежем воздухе,692,12,PG-13,1991-11-10,2013-09-19,9.0,Сёдзё
Кровь Триединства,81,24,NC-17,1992-04-19,2002-02-25,8.9,Сёнэн
"Клинок, рассекающий демонов: Бесконечный поезд",808,7,NC-17,1989-04-20,2020-12-10,9.2,Сёнэн
Чёрные метки,729,12,NC-17,1994-04-06,2004-01-17,7.8,Дзёсэй
Мув-Лув: Альтернатива — Полное затмение,684,24,NC-17,1986-10-13,2018-01-10,7.0,Дзёсэй
Божественная семейка,380,13,PG-13,1990-02-22,2003-05-09,1.6,Сёдзё
Девушки-пони: Ёнкома,595,12,PG-13,1991-10-14,1999-01-22,2.3,Сёнэн
Девушки-пони: Славное дерби 2,225,13,PG-13,1995-03-24,2010-06-16,6.2,Дзёсэй
Кафе из другого мира,30,12,PG-13,1988-08-29,1998-07-03,9.0,Сёнэн
Повесть о доме Тайра,409,11,PG-13,1989-10-12,2011-07-04,9.1,Кодомо
Записи о магии: Девочка-волшебница Мадока★Волшебство — Гайдэн 2,909,8,PG-13,1995-04-05,2006-01-01,7.4,Сэйнэн
Фена: Принцесса пиратов,403,12,PG-13,1994-04-07,2017-10-03,8.7,Сэйнэн
"Я, Цусима",555,12,PG-13,1991-12-17,2006-02-09,8.7,Сёдзё
D_Cide: грёзы,47,13,PG-13,1994-07-10,2010-06-19,5.6,Сёнэн
Месть Масамунэ,70,12,PG-13,1993-08-27,1997-07-30,7.8,Сёдзё
Морская академия,529,12,PG-13,1985-11-30,2005-01-02,8.4,Сэйнэн
Смертоносный герцог и его чёрная горничная,318,12,PG-13,1987-02-13,2016-12-14,8.9,Кодомо
Когда плачут цикады: Выпускной,677,15,NC-17,1987-12-28,2018-07-25,8.3,Сёдзё
Детектив уже мёртв,287,12,PG-13,1993-11-25,2002-12-12,8.6,Кодомо
Готика,375,24,NC-17,1992-09-26,2004-09-03,9.2,Сэйнэн
Сумеречный разум 2041,908,12,NC-17,1986-01-18,2004-07-04,7.8,Сэйнэн
Кровь Триединства,602,24,NC-17,1992-10-26,1997-07-25,8.9,Сёдзё
"Клинок, рассекающий демонов: Бесконечный поезд",689,7,NC-17,1988-05-26,2012-07-10,9.2,Дзёсэй
Чёрные метки,330,12,NC-17,1995-07-05,2009-07-06,7.8,Дзёсэй
Мув-Лув: Альтернатива — Полное затмение,137,24,NC-17,1988-09-22,2006-05-17,5.7,Кодомо
Божественная семейка,270,13,PG-13,1987-10-22,2018-05-17,3.1,Дзёсэй
Девушки-пони: Ёнкома,532,12,PG-13,1986-02-15,2014-09-23,8.0,Кодомо
Девушки-пони: Славное дерби 2,904,13,PG-13,1995-10-11,2012-03-13,7.3,Кодомо
Кафе из другого мира,363,12,PG-13,1991-06-25,1997-07-12,9.0,Сэйнэн
Повесть о доме Тайра,626,11,PG-13,1992-11-15,2013-02-26,9.1,Дзёсэй
Записи о магии: Девочка-волшебница Мадока★Волшебство — Гайдэн 2,562,8,PG-13,1992-01-11,2007-07-04,7.4,Сёнэн
Фена: Принцесса пиратов,750,12,PG-13,1985-11-28,2007-07-03,8.7,Сёдзё
"Я, Цусима",357,12,PG-13,1985-09-17,1999-11-30,8.7,Дзёсэй
D_Cide: грёзы,149,13,PG-13,1988-01-17,2020-05-03,5.6,Кодомо
Месть Масамунэ,475,12,PG-13,1994-12-14,2006-08-07,7.8,Кодомо
Морская академия,517,12,PG-13,1991-08-06,2000-11-26,8.4,Сёнэн
Смертоносный герцог и его чёрная горничная,27,12,PG-13,1993-11-02,2016-06-10,8.9,Сэйнэн
Когда плачут цикады: Выпускной,83,15,NC-17,1995-09-08,2007-09-13,8.3,Дзёсэй
Детектив уже мёртв,168,12,PG-13,1990-04-05,2011-05-01,8.6,Кодомо
Готика,88,24,NC-17,1985-01-13,2002-11-07,9.2,Дзёсэй
Сумеречный разум 2041,364,12,NC-17,1986-09-16,2000-02-07,7.8,Кодомо
Кровь Триединства,261,24,NC-17,1992-11-24,2021-02-19,8.9,Сёдзё
"Клинок, рассекающий демонов: Бесконечный поезд",396,7,NC-17,1994-06-03,2006-06-30,9.2,Кодомо
Чёрные метки,274,12,NC-17,1988-07-27,1996-06-16,7.8,Сэйнэн
Мув-Лув: Альтернатива — Полное затмение,642,24,NC-17,1990-10-23,2018-04-19,1.8,Кодомо
Божественная семейка,284,13,PG-13,1985-04-25,2018-10-04,6.1,Сэйнэн
Девушки-пони: Ёнкома,900,12,PG-13,1985-07-28,2012-04-10,5.9,Кодомо
Девушки-пони: Славное дерби 2,176,13,PG-13,1993-02-04,2010-02-21,8.6,Кодомо
Кафе из другого мира,374,12,PG-13,1992-12-28,1998-11-20,9.0,Сёдзё
Повесть о доме Тайра,326,11,PG-13,1987-11-15,2001-02-18,9.1,Сёдзё
Записи о магии: Девочка-волшебница Мадока★Волшебство — Гайдэн 2,612,8,PG-13,1994-04-12,2003-12-16,7.4,Сёнэн
Фена: Принцесса пиратов,25,12,PG-13,1988-11-21,2011-08-19,8.7,Сэйнэн
"Я, Цусима",674,12,PG-13,1989-07-12,2005-12-29,8.7,Сёдзё
D_Cide: грёзы,129,13,PG-13,1988-01-23,1996-09-16,5.6,Кодомо
Месть Масамунэ,170,12,PG-13,1992-03-25,2011-06-29,7.8,Сёнэн
Морская академия,42,12,PG-13,1986-07-16,2001-07-24,8.4,Сёдзё
Смертоносный герцог и его чёрная горничная,581,12,PG-13,1993-06-01,2016-07-15,8.9,Кодомо
Когда плачут цикады: Выпускной,471,15,NC-17,1993-11-16,2007-11-04,8.3,Кодомо
Детектив уже мёртв,517,12,PG-13,1995-07-11,2007-04-06,8.6,Дзёсэй
Готика,971,24,NC-17,1986-01-27,2000-03-21,9.2,Сэйнэн
Сумеречный разум 2041,722,12,NC-17,1990-05-28,2010-04-11,7.8,Сёнэн
Кровь Триединства,600,24,NC-17,1994-12-28,2007-01-04,8.9,Кодомо
"Клинок, рассекающий демонов: Бесконечный поезд",612,7,NC-17,1991-03-07,1998-11-07,9.2,Кодомо
Чёрные метки,508,12,NC-17,1989-07-18,2014-08-14,7.8,Сэйнэн
Мув-Лув: Альтернатива — Полное затмение,494,24,NC-17,1993-04-10,2003-05-15,6.6,Сёдзё
Божественная семейка,766,13,PG-13,1991-12-06,2021-11-10,2.7,Дзёсэй
Девушки-пони: Ёнкома,540,12,PG-13,1990-03-09,2000-09-16,3.7,Сёдзё
Девушки-пони: Славное дерби 2,426,13,PG-13,1993-05-02,2004-06-26,2.7,Сэйнэн
Кафе из другого мира,484,12,PG-13,1985-05-24,2010-09-28,9.0,Сёнэн
Повесть о доме Тайра,202,11,PG-13,1991-07-31,2020-10-21,9.1,Сёдзё
Записи о магии: Девочка-волшебница Мадока★Волшебство — Гайдэн 2,137,8,PG-13,1989-03-26,2003-03-19,7.4,Кодомо
Фена: Принцесса пиратов,144,12,PG-13,1989-12-13,2000-01-15,8.7,Дзёсэй
"Я, Цусима",391,12,PG-13,1993-07-27,2020-03-06,8.7,Сёдзё
D_Cide: грёзы,989,13,PG-13,1992-12-27,2015-09-18,5.6,Сёдзё
Месть Масамунэ,857,12,PG-13,1988-02-02,2016-01-21,7.8,Сёдзё
Морская академия,525,12,PG-13,1991-05-04,2021-10-25,8.4,Сёдзё
Смертоносный герцог и его чёрная горничная,374,12,PG-13,1985-09-14,2019-09-05,8.9,Сёдзё
Когда плачут цикады: Выпускной,526,15,NC-17,1990-09-08,2019-03-13,8.3,Сёнэн
Детектив уже мёртв,499,12,PG-13,1987-06-08,1996-01-11,8.6,Сёнэн
Готика,438,24,NC-17,1988-12-04,2003-04-11,9.2,Сёдзё
Сумеречный разум 2041,381,12,NC-17,1994-04-06,2012-01-24,7.8,Сёнэн
Кровь Триединства,440,24,NC-17,1987-06-28,2008-12-18,8.9,Кодомо
"Клинок, рассекающий демонов: Бесконечный поезд",466,7,NC-17,1988-02-21,2005-10-27,9.2,Сёнэн
Чёрные метки,138,12,NC-17,1992-11-10,2013-04-14,7.8,Сэйнэн
Мув-Лув: Альтернатива — Полное затмение,210,24,NC-17,1985-12-28,2001-11-07,7.7,Сэйнэн
Божественная семейка,55,13,PG-13,1990-11-02,2021-06-18,9.9,Дзёсэй
Девушки-пони: Ёнкома,309,12,PG-13,1995-05-22,1998-10-13,1.7,Сэйнэн
Девушки-пони: Славное дерби 2,852,13,PG-13,1986-07-16,2003-09-14,3.5,Кодомо
Кафе из другого мира,328,12,PG-13,1987-11-06,2017-01-08,9.0,Сёдзё
Повесть о доме Тайра,206,11,PG-13,1990-07-16,1999-09-25,9.1,Сёнэн
Записи о магии: Девочка-волшебница Мадока★Волшебство — Гайдэн 2,722,8,PG-13,1989-06-16,1997-03-26,7.4,Дзёсэй
Фена: Принцесса пиратов,897,12,PG-13,1986-02-02,2000-11-15,8.7,Сёдзё
"Я, Цусима",277,12,PG-13,1995-07-07,2007-11-29,8.7,Сэйнэн
D_Cide: грёзы,400,13,PG-13,1991-12-28,2008-02-23,5.6,Сэйнэн
Месть Масамунэ,684,12,PG-13,1986-01-29,2021-02-16,7.8,Дзёсэй
Морская академия,211,12,PG-13,1989-01-28,2016-06-14,8.4,Дзёсэй
Смертоносный герцог и его чёрная горничная,999,12,PG-13,1986-05-23,2001-09-20,8.9,Кодомо
Когда плачут цикады: Выпускной,737,15,NC-17,1989-05-19,2006-04-19,8.3,Сэйнэн
Детектив уже мёртв,263,12,PG-13,1991-07-19,2005-01-25,8.6,Сёдзё
Готика,41,24,NC-17,1987-08-27,1997-03-04,9.2,Сёнэн
Сумеречный разум 2041,664,12,NC-17,1986-03-22,2002-03-17,7.8,Сёдзё
Кровь Триединства,57,24,NC-17,1988-03-10,2004-07-22,8.9,Дзёсэй
"Клинок, рассекающий демонов: Бесконечный поезд",782,7,NC-17,1985-04-15,1996-08-07,9.2,Сёнэн
Чёрные метки,413,12,NC-17,1986-08-12,2021-06-16,7.8,Сёнэн
Мув-Лув: Альтернатива — Полное затмение,502,24,NC-17,1990-05-29,2006-08-15,1.1,Сёнэн
Божественная семейка,937,13,PG-13,1992-09-20,1999-04-29,9.4,Сёдзё
Девушки-пони: Ёнкома,798,12,PG-13,1986-08-11,2008-02-26,6.1,Дзёсэй
Девушки-пони: Славное дерби 2,114,13,PG-13,1991-08-20,2019-07-05,3.5,Сэйнэн
Кафе из другого мира,920,12,PG-13,1994-09-03,2009-01-19,9.0,Сёнэн
Повесть о доме Тайра,394,11,PG-13,1992-05-17,2010-07-17,9.1,Дзёсэй
Записи о магии: Девочка-волшебница Мадока★Волшебство — Гайдэн 2,421,8,PG-13,1990-02-03,2019-10-04,7.4,Кодомо
Фена: Принцесса пиратов,265,12,PG-13,1992-04-05,2005-03-08,8.7,Сэйнэн
"Я, Цусима",923,12,PG-13,1993-04-08,2020-08-17,8.7,Сёнэн
D_Cide: грёзы,464,13,PG-13,1994-01-17,2009-11-10,5.6,Сёдзё
Месть Масамунэ,803,12,PG-13,1988-05-03,1997-03-21,7.8,Сёдзё
Морская академия,70,12,PG-13,1995-02-16,1999-04-06,8.4,Сэйнэн
Смертоносный герцог и его чёрная горничная,101,12,PG-13,1992-12-09,2003-02-28,8.9,Сэйнэн
Когда плачут цикады: Выпускной,354,15,NC-17,1988-04-07,2013-07-02,8.3,Сёнэн
Детектив уже мёртв,607,12,PG-13,1994-12-04,2004-02-09,8.6,Сёдзё
Готика,39,24,NC-17,1986-10-13,2013-12-05,9.2,Сэйнэн
Сумеречный разум 2041,228,12,NC-17,1991-12-11,2003-02-20,7.8,Сёдзё
Кровь Триединства,737,24,NC-17,1986-08-18,2001-01-30,8.9,Кодомо
"Клинок, рассекающий демонов: Бесконечный поезд",152,7,NC-17,1989-04-26,2001-10-12,9.2,Сэйнэн
Чёрные метки,462,12,NC-17,1994-03-01,2005-01-20,7.8,Сэйнэн
Мув-Лув: Альтернатива — Полное затмение,858,24,NC-17,1991-03-13,2014-07-23,2.2,Сёдзё
Божественная семейка,179,13,PG-13,1989-08-18,2019-02-12,8.5,Сёнэн
Девушки-пони: Ёнкома,206,12,PG-13,1990-03-13,2003-06-14,7.1,Сёнэн
Девушки-пони: Славное дерби 2,329,13,PG-13,1986-02-27,2006-04-01,6.4,Дзёсэй
Кафе из другого мира,543,12,PG-13,1993-05-21,2020-10-31,9.0,Кодомо
Повесть о доме Тайра,727,11,PG-13,1995-02-18,1998-03-11,9.1,Дзёсэй
Записи о магии: Девочка-волшебница Мадока★Волшебство — Гайдэн 2,246,8,PG-13,1995-04-02,2000-04-02,7.4,Сёдзё
Фена: Принцесса пиратов,824,12,PG-13,1987-05-24,1998-08-26,8.7,Сэйнэн
"Я, Цусима",477,12,PG-13,1988-11-23,1996-06-17,8.7,Кодомо
D_Cide: грёзы,914,13,PG-13,1987-06-01,2000-09-15,5.6,Сёнэн
Месть Масамунэ,327,12,PG-13,1989-02-15,2005-02-03,7.8,Сёнэн
Морская академия,470,12,PG-13,1988-07-14,2000-12-05,8.4,Сёнэн
Смертоносный герцог и его чёрная горничная,103,12,PG-13,1995-10-09,2021-06-04,8.9,Дзёсэй
Когда плачут цикады: Выпускной,493,15,NC-17,1990-04-29,2003-02-11,8.3,Сэйнэн
Детектив уже мёртв,668,12,PG-13,1988-06-10,2008-02-20,8.6,Сэйнэн
Готика,992,24,NC-17,1991-04-22,2007-03-27,9.2,Сэйнэн
Сумеречный разум 2041,930,12,NC-17,1993-10-03,2010-03-08,7.8,Дзёсэй
Кровь Триединства,539,24,NC-17,1993-02-08,2003-05-02,8.9,Сэйнэн
"Клинок, рассекающий демонов: Бесконечный поезд",297,7,NC-17,1991-12-16,2001-11-28,9.2,Сёдзё
Чёрные метки,719,12,NC-17,1988-12-29,2010-10-06,7.8,Сёдзё
Мув-Лув: Альтернатива — Полное затмение,927,24,NC-17,1989-01-12,2018-07-21,6.5,Сёдзё
Божественная семейка,702,13,PG-13,1991-09-27,2013-05-18,7.5,Сэйнэн
Девушки-пони: Ёнкома,688,12,PG-13,1989-05-05,2021-02-07,3.2,Сёдзё
Девушки-пони: Славное дерби 2,972,13,PG-13,1987-08-30,1999-03-17,7.9,Сёнэн
Кафе из другого мира,583,12,PG-13,1985-02-25,2014-01-18,9.0,Сэйнэн
Повесть о доме Тайра,112,11,PG-13,1991-11-27,1996-12-31,9.1,Кодомо
Записи о магии: Девочка-волшебница Мадока★Волшебство — Гайдэн 2,969,8,PG-13,1995-02-26,2002-10-13,7.4,Кодомо
Фена: Принцесса пиратов,918,12,PG-13,1989-11-16,2010-09-08,8.7,Сэйнэн
"Я, Цусима",146,12,PG-13,1991-07-04,1996-04-12,8.7,Кодомо
D_Cide: грёзы,771,13,PG-13,1995-09-19,2019-09-08,5.6,Кодомо
Месть Масамунэ,739,12,PG-13,1993-05-18,2005-09-08,7.8,Дзёсэй
Морская академия,87,12,PG-13,1985-08-25,2021-11-08,8.4,Сёнэн
Смертоносный герцог и его чёрная горничная,60,12,PG-13,1991-05-24,2004-06-13,8.9,Сёнэн
Когда плачут цикады: Выпускной,278,15,NC-17,1989-06-07,2004-06-27,8.3,Сёнэн
Детектив уже мёртв,709,12,PG-13,1994-04-14,2020-09-26,8.6,Сёдзё
Готика,793,24,NC-17,1989-01-10,2001-07-24,9.2,Сёнэн
Сумеречный разум 2041,554,12,NC-17,1986-04-10,2002-09-12,7.8,Сэйнэн
Кровь Триединства,562,24,NC-17,1991-09-19,2001-12-15,8.9,Кодомо
"Клинок, рассекающий демонов: Бесконечный поезд",329,7,NC-17,1986-02-08,2018-07-15,9.2,Сэйнэн
Чёрные метки,560,12,NC-17,1990-06-24,2004-01-01,7.8,Сёдзё
Мув-Лув: Альтернатива — Полное затмение,720,24,NC-17,1985-02-28,2014-08-22,5.7,Сэйнэн
Божественная семейка,476,13,PG-13,1987-10-12,2015-04-16,6.5,Сёдзё
Девушки-пони: Ёнкома,290,12,PG-13,1994-05-29,2013-07-08,7.1,Сэйнэн
Девушки-пони: Славное дерби 2,872,13,PG-13,1990-07-12,2008-03-30,6.0,Дзёсэй
Кафе из другого мира,189,12,PG-13,1986-07-10,2017-12-31,9.0,Сёдзё
Повесть о доме Тайра,431,11,PG-13,1988-02-16,2017-02-07,9.1,Сёнэн
Записи о магии: Девочка-волшебница Мадока★Волшебство — Гайдэн 2,23,8,PG-13,1988-11-09,2002-11-29,7.4,Сёнэн
Фена: Принцесса пиратов,52,12,PG-13,1992-08-28,2006-04-17,8.7,Дзёсэй
"Я, Цусима",977,12,PG-13,1993-05-03,2010-09-06,8.7,Сёдзё
D_Cide: грёзы,273,13,PG-13,1990-09-29,2000-07-11,5.6,Сёнэн
Месть Масамунэ,22,12,PG-13,1994-02-09,2017-06-10,7.8,Кодомо
Морская академия,147,12,PG-13,1989-07-13,1998-03-24,8.4,Кодомо
Смертоносный герцог и его чёрная горничная,496,12,PG-13,1986-09-20,2013-12-04,8.9,Дзёсэй
Когда плачут цикады: Выпускной,584,15,NC-17,1990-09-16,2012-11-14,8.3,Дзёсэй
Детектив уже мёртв,471,12,PG-13,1993-11-15,2008-05-05,8.6,Сёдзё
Готика,750,24,NC-17,1985-04-23,1998-04-22,9.2,Дзёсэй
Лагерь на свежем воздухе,575,12,PG-13,1992-06-26,2001-05-14,9.0,Сёдзё
