title,studio_id,episodes,mpaa,start,end,rating
Охотник х Охотник 2,814,148,PG-13,1988-03-24,2017-03-29,9.6
Атака титанов 3. Часть 2,572,10,NC-17,2001-07-25,2018-07-04,9.6
Корзинка фруктов: Финал,761,13,PG-13,2015-10-25,2021-04-30,9.6
Атака титанов,413,25,NC-17,2005-12-13,2018-10-07,9.6
Волейбол!! К вершине 2,251,12,PG-13,2015-03-24,2020-09-10,9.6
Реинкарнация безработного: История о приключениях в другом мире,506,11,NC-17,2010-06-16,2015-08-25,9.6
Наруто: Ураганные хроники,819,500,NC-17,1996-09-21,2020-08-07,9.5
Крутой учитель Онидзука,385,43,NC-17,2015-12-09,2017-08-15,9.6
"Клинок, рассекающий демонов",274,26,NC-17,2009-07-05,2016-09-13,9.5
Волейбол!! 2,544,25,PG-13,1990-12-23,2021-08-29,9.5
Магическая битва,150,24,NC-17,2004-07-11,2019-10-27,9.5
Атака титанов: Финал,669,16,NC-17,2004-07-03,2020-08-18,9.5
Гуррен-Лаганн,710,27,PG-13,1991-08-04,2020-04-04,9.5
Обещанный Неверленд,29,12,NC-17,2006-07-24,2015-01-03,9.5
SK8: На скейте в бесконечность,741,12,PG-13,1991-04-28,2018-01-07,9.5
Волейбол!! 3,647,10,PG-13,2003-12-14,2017-04-02,9.5
Атака титанов 2,11,12,NC-17,1991-10-22,2016-01-21,9.5
Волейбол!! К вершине,59,13,PG-13,1989-09-13,2017-09-23,9.5
Хоримия,564,13,PG-13,2000-12-18,2018-03-28,9.5
Стальной алхимик: Братство,983,64,NC-17,2001-06-19,2018-08-04,9.5
Атака титанов 3,407,12,NC-17,1996-06-15,2015-04-16,9.5
Необъятный океан,701,12,PG-13,1999-02-21,2017-03-10,9.5
Код Гиас: Восставший Лелуш 2,193,25,NC-17,1995-06-25,2016-03-19,9.5
Патриотизм Мориарти 2,508,13,NC-17,1986-05-25,2021-04-06,9.5
Токийские мстители,439,24,NC-17,2012-10-09,2020-08-25,9.4
О моём перерождении в слизь 2,414,12,PG-13,2000-01-27,2017-04-24,9.4
Доктор Стоун,846,24,PG-13,1985-10-12,2019-09-27,9.4
Волейбол!!,147,25,PG-13,1997-02-10,2017-08-11,9.4
Ковбой Бибоп,264,26,NC-17,1995-08-16,2021-03-03,9.4
Доктор Стоун: Каменные войны,613,11,PG-13,1991-06-20,2020-05-09,9.4
Патриотизм Мориарти,646,11,NC-17,2006-07-20,2016-05-07,9.4
Невероятное приключение ДжоДжо: Рыцари звёздной пыли 2,371,24,NC-17,2014-04-02,2020-08-01,9.4
Почувствуй ветер,913,23,PG-13,2015-07-05,2020-01-17,9.4
"Для тебя, Бессмертный",211,20,NC-17,2006-01-02,2019-11-05,9.4
Виви: Песнь флюоритового глаза,890,13,NC-17,2006-07-18,2017-10-08,9.4
Золотое божество 3,510,12,NC-17,1986-09-27,2020-06-04,9.4
Берсерк,889,25,R,2001-07-17,2015-09-21,9.4
Сага о Винланде,453,24,NC-17,2006-03-15,2015-07-02,9.4
Корзинка фруктов 2,433,25,PG-13,2005-06-02,2020-06-17,9.4
Школьные няни,327,12,PG-13,2010-11-05,2016-03-13,9.4
"Город, в котором меня нет",474,12,NC-17,1990-09-30,2020-06-05,9.4
Сквозь бальный зал,639,24,PG-13,1991-01-06,2020-07-07,9.4
Задержи этот звук! 2,8,13,R,1988-05-11,2015-04-03,9.4
Восхождение героя щита,594,25,PG-13,1998-10-21,2015-09-27,9.4
Госпожа Кагуя: в любви как на войне 2,460,12,PG-13,1991-01-14,2021-08-23,9.4
"Очень приятно, Бог 2",610,12,PG-13,2014-06-16,2016-08-15,9.4
Ох уж этот экстрасенс Сайки Кусуо! 2,320,24,PG-13,1995-11-19,2019-08-31,9.4
Созданный в Бездне,257,13,NC-17,2013-06-03,2017-12-31,9.4
Охотник х Охотник,801,62,PG-13,2011-08-13,2021-02-05,9.4
Самурай Чамплу,787,26,NC-17,1998-10-13,2019-10-02,9.4
Дарованный,591,11,PG-13,2007-02-11,2017-12-26,9.4
Дороро,378,24,NC-17,2009-07-20,2021-01-13,9.4
Этот глупый свин не понимает мечту девочки-зайки,328,13,PG-13,2015-11-06,2015-05-08,9.4
Класс убийц 2,468,25,PG-13,1995-05-19,2016-02-18,9.3
Бакуман 3,72,25,PG-13,1994-12-26,2017-03-14,9.3
Банановая рыба,702,24,NC-17,1999-06-01,2017-07-06,9.3
Бек,634,26,NC-17,2008-02-19,2017-12-15,9.3
Вайолет Эвергарден,526,13,PG-13,1999-07-13,2021-12-21,9.3
Первый шаг,548,75,PG-13,1991-03-15,2018-09-10,9.3
Брошенный кролик,919,11,PG-13,2002-01-27,2015-06-12,9.3
"Очень приятно, Бог",841,13,PG-13,1986-10-22,2021-09-30,9.3
Невероятное приключение ДжоДжо: Рыцари звёздной пыли,574,24,NC-17,1996-03-24,2018-02-08,9.3
Блич,880,366,PG-13,2015-07-07,2018-06-05,9.3
Гинтама 2,505,51,PG-13,1987-01-03,2015-03-18,9.3
Чёрный клевер,168,170,PG-13,1991-06-21,2021-01-02,9.3
"Астра, затерянная в космосе",244,12,PG-13,2008-09-29,2020-09-27,9.3
Моб Психо 100 2,125,13,PG-13,2001-09-13,2018-08-05,9.3
Золотое божество 2,80,12,NC-17,1993-03-05,2017-08-24,9.3
Ванпанчмен,68,12,NC-17,1990-01-27,2018-09-04,9.3
Стальной алхимик,576,51,PG-13,2005-04-01,2019-01-19,9.3
Невероятное приключение ДжоДжо: Золотой ветер,943,39,NC-17,1991-09-18,2018-08-25,9.3
Код Гиас: Восставший Лелуш,66,25,NC-17,1986-05-31,2021-12-17,9.3
"Небо, где встретились звёзды",587,12,PG-13,2004-09-19,2015-12-02,9.3
Лагерь на свежем воздухе 2,575,13,PG-13,2014-04-07,2019-04-06,9.3
Великий из бродячих псов 3,715,12,NC-17,1986-03-29,2018-07-15,9.3
Шаман Кинг,902,64,PG-13,2006-12-25,2017-03-13,9.3
Твоя апрельская ложь,752,22,PG-13,2015-09-15,2016-02-23,9.3
Тетрадь дружбы Нацумэ 4,916,13,PG-13,1989-04-15,2019-04-07,9.3
Наруто,241,220,PG-13,1992-05-08,2016-10-23,9.3
Гинтама 3,819,13,PG-13,1991-03-16,2016-05-20,9.3
Унеси меня на Луну,541,12,PG-13,2007-06-29,2017-01-04,9.3
Паразит: Учение о жизни,227,24,NC-17,1990-06-22,2019-09-07,9.3
Царство 2,298,39,NC-17,2012-01-15,2018-11-12,9.3
Корзинка фруктов (2019),409,25,PG-13,2001-02-19,2015-11-01,9.3
Врата Штейна,226,24,PG-13,2011-02-13,2021-09-04,9.3
О моём перерождении в слизь,938,24,PG-13,2000-02-11,2019-05-09,9.3
Один на вылет,228,25,PG-13,2007-05-16,2020-10-10,9.2
Гинтама 4,355,51,NC-17,2007-07-05,2015-08-08,9.3
Пять невест 2,605,12,PG-13,2006-01-04,2016-04-29,9.2
Ох уж этот экстрасенс Сайки Кусуо!,922,120,PG-13,2007-11-08,2016-12-29,9.3
Гинтама 5,621,12,PG-13,2013-12-24,2016-06-16,9.3
Мастер муси,561,26,PG-13,2010-11-12,2016-10-02,9.3
Врата Штейна 0,162,23,PG-13,2013-10-05,2021-01-10,9.2
Царство 3,655,26,NC-17,1992-03-15,2021-06-04,9.3
Руки прочь от киноклуба!,470,12,PG-13,2006-11-07,2020-07-22,9.2
Власть книжного червя 2,907,12,PG-13,1991-05-23,2016-02-26,9.2
Задержи этот звук!,596,13,PG-13,2000-04-25,2016-01-19,9.2
Баскетбол Куроко 3,354,25,PG-13,1990-05-10,2019-07-08,9.3
Скрытые вещи,538,12,PG-13,1990-07-20,2020-03-02,9.2
Нас всегда разделяли 10 сантиметров,771,6,PG-13,1995-06-22,2015-01-04,8.8
Необычное такси,281,13,PG-13,1992-03-10,2019-05-25,9.3
Дракон-горничная госпожи Кобаяси 2,7,12,PG-13,2003-09-23,2020-11-21,9.2
О моём перерождении в слизь 2. Часть 2,512,12,PG-13,2015-12-01,2019-09-11,9.2
Пламенная бригада пожарных,153,24,PG-13,2000-06-01,2020-01-21,9.2
Тетрадь дружбы Нацумэ 6,741,11,PG-13,2008-02-23,2018-10-07,9.3
Вечно ленивый Танака,34,12,PG-13,2006-08-15,2019-07-04,9.2
Бакуман 2,826,25,PG-13,2001-05-10,2021-02-22,9.2
Кулинарные поединки Сомы,868,24,PG-13,2002-03-18,2018-05-11,9.2
"Добро пожаловать в ад, Ирума! 2",815,21,PG-13,1988-04-03,2016-11-22,9.2
Тетрадь смерти,328,37,NC-17,1995-10-01,2015-04-10,9.2
Мастера Меча Онлайн,279,25,PG-13,1986-07-08,2021-02-11,9.2
Триган,293,26,PG-13,2005-12-05,2021-08-03,9.2
Скитальцы,700,12,NC-17,2007-07-28,2020-09-03,9.2
Моя геройская академия 4,635,25,PG-13,2001-05-01,2021-11-22,9.2
Судьба/Начало 2,560,12,NC-17,2015-05-20,2019-07-09,9.2
Готика,635,24,NC-17,1986-05-28,2015-09-30,9.2
Гинтама 6,124,13,PG-13,1989-05-29,2016-01-06,9.2
Повелитель,114,13,NC-17,1988-10-27,2021-12-03,9.2
Волчица и пряности,964,13,PG-13,1988-12-26,2020-02-12,9.2
Богатый детектив. Баланс: Неограничен,60,11,PG-13,2014-09-04,2020-05-14,9.2
Убийца Акамэ!,193,24,NC-17,2008-11-03,2016-07-22,9.2
Нана,364,47,R,2004-10-27,2018-06-02,9.2
Пламенная бригада пожарных 2,820,24,PG-13,2004-02-15,2015-01-16,9.2
Инцидент Кэмоно,135,12,NC-17,2004-05-26,2018-10-17,9.2
Туалетный мальчик Ханако,7,12,PG-13,1985-06-07,2016-11-23,9.2
Маги: Королевство магии,426,25,PG-13,1988-09-17,2018-08-20,9.2
Тетрадь дружбы Нацумэ,945,13,PG-13,1991-02-22,2015-07-18,9.2
Не сдавайся!,354,25,PG-13,1986-02-21,2015-08-01,9.2
Кланнад: Продолжение истории,49,24,PG-13,2012-11-22,2020-06-16,9.2
Шарлотта,451,13,PG-13,2005-12-13,2016-03-30,9.2
Мемуары Ванитаса,440,12,NC-17,2011-08-15,2019-10-07,9.2
Моб Психо 100,314,12,PG-13,2009-09-11,2021-01-18,9.2
Усио и Тора 2,49,13,PG-13,2009-12-20,2018-11-20,9.2
Мегалобокс 2,568,13,NC-17,2015-10-24,2015-05-27,9.2
Невероятное приключение ДжоДжо: Несокрушимый алмаз,716,39,NC-17,2010-03-02,2021-10-22,9.2
Когда плачут цикады: Разгадки,927,24,NC-17,1995-10-06,2021-02-05,9.1
Лунное путешествие приведёт к новому миру,894,12,PG-13,1989-10-04,2016-01-15,9.2
Гинтама 8,765,14,PG-13,2005-07-26,2017-09-22,9.2
Маги: Приключение Синдбада,206,13,PG-13,2011-12-24,2015-02-11,9.2
Великий из бродячих псов 2,904,12,NC-17,1998-11-11,2017-03-20,9.2
Реальная девушка 2,481,12,R,2011-11-09,2019-05-04,9.2
Тетрадь дружбы Нацумэ 3,70,13,PG-13,1997-12-05,2015-06-07,9.1
Бездомный бог: Арагото,318,13,PG-13,2010-06-03,2015-08-23,9.2
Хост-клуб Оранской школы,315,26,PG-13,2009-03-24,2021-11-28,9.2
Сомали и Дух леса,248,12,PG-13,1995-02-08,2015-07-20,9.2
Восемьдесят шесть,451,11,NC-17,1993-05-09,2017-02-07,9.2
Улыбайся на подиуме,116,12,PG-13,1987-12-12,2019-08-09,9.1
Кулинарные поединки Сомы: Третье блюдо — Часть II,17,12,PG-13,2013-08-10,2016-07-10,9.1
Юри на льду,431,12,PG-13,1989-10-21,2018-12-30,9.1
Проза бродячих псов: Шуточные истории,418,12,PG-13,1992-12-31,2018-07-18,9.2
Межвидовые рецензенты,536,12,NC-17,1997-01-07,2016-08-29,9.2
Бакуман,741,25,PG-13,2003-12-02,2018-03-24,9.2
Волчица и пряности II,67,12,PG-13,1993-01-16,2015-07-21,9.2
Кулинарные поединки Сомы: Третье блюдо,800,12,PG-13,2004-11-03,2018-01-28,9.2
Госпожа Кагуя: в любви как на войне,555,12,PG-13,1987-02-08,2019-06-08,9.2
Мастер муси: Следующая глава,659,10,PG-13,1990-04-05,2018-08-02,9.2
Мастер муси: Следующая глава 2,320,10,PG-13,2008-01-06,2021-08-23,9.2
Клуб стрельбы из лука,712,13,PG-13,2005-03-04,2020-06-18,9.2
Мегалобокс,536,13,NC-17,2000-04-11,2019-08-09,9.1
Кулинарные поединки Сомы: Второе блюдо,259,13,PG-13,2007-01-18,2018-10-14,9.1
ID: Вторжение,723,13,NC-17,2007-03-29,2021-12-28,9.1
Баскетбол Куроко 2,670,25,PG-13,1998-06-10,2020-01-30,9.2
Золотое божество,781,12,NC-17,1990-02-17,2016-06-27,9.1
Двуличный братик Урамити,273,13,PG-13,1985-08-05,2017-09-27,9.1
Вельзепуз,699,60,PG-13,1991-01-30,2016-09-29,9.2
Угроза для парня №1,101,13,PG-13,1994-10-23,2017-01-02,9.1
Кулинарные поединки Сомы: Четвёртое блюдо,401,12,PG-13,1997-11-05,2020-11-06,9.1
Тетрадь дружбы Нацумэ 5,219,11,PG-13,1998-03-02,2015-10-23,9.2
Моя геройская академия 2,680,25,PG-13,2002-03-16,2015-12-08,9.1
Баракамон,766,12,PG-13,1994-02-12,2020-11-11,9.1
Сон в замке демона,148,12,PG-13,2014-04-04,2021-12-26,9.1
Дом теней,356,13,PG-13,2013-12-01,2021-05-07,9.1
Сёва-Гэнроку: Двойное самоубийство по ракуго 2,564,12,PG-13,2013-02-12,2020-10-25,5.1
Угрюмый заклинатель духов 2,825,13,PG-13,1990-07-21,2019-05-26,9.1
Тетрадь дружбы Нацумэ 2,831,13,PG-13,2005-07-19,2020-12-11,9.1
Эхо террора,25,11,NC-17,1998-06-23,2020-12-27,9.2
Темный дворецкий: Глава о цирке,266,10,NC-17,1990-10-18,2021-12-27,9.1
Моя геройская академия 3,296,25,PG-13,1999-03-25,2015-01-26,9.1
Комбатанты будут высланы!,170,12,PG-13,1998-04-08,2021-10-27,9.1
Тяжкий труд в подземелье,343,12,PG-13,2010-06-07,2017-09-25,9.1
Ди Грэй-мен,227,103,PG-13,1986-05-26,2019-12-05,9.1
"Как и ожидалось, моя школьная романтическая жизнь не удалась 3",287,12,PG-13,1989-03-11,2017-01-13,9.1
"Добро пожаловать в ад, Ирума!",175,23,PG-13,2009-09-16,2020-05-20,9.1
Башня Бога,8,13,PG-13,2003-12-13,2016-06-12,9.1
Так сложно любить отаку,102,11,PG-13,2003-02-20,2017-12-16,9.1
Гинтама,257,201,PG-13,1992-01-04,2019-06-02,9.1
Красноволосая принцесса Белоснежка 2,624,12,PG-13,1985-06-02,2018-09-16,9.1
Евангелион,232,26,PG-13,1993-05-15,2021-09-21,9.1
Сумеречная Дева и Амнезия,870,12,NC-17,1998-05-19,2019-08-22,9.1
Кулинарные поединки Сомы: Пятое блюдо,987,13,PG-13,1996-08-15,2017-01-01,9.1
Мартовский лев 2,556,22,PG-13,2013-04-05,2019-12-28,9.1
Из завтрашнего дня разноцветного мира,75,13,PG-13,1986-05-08,2015-01-15,9.0
Сонни Бой,222,12,PG-13,2001-04-21,2018-10-06,9.0
Повелитель 3,453,13,NC-17,2002-06-12,2021-02-05,9.1
Кошечка из Сакурасо,677,24,PG-13,1985-07-10,2015-03-22,9.1
Нет игры — нет жизни,892,12,PG-13,1986-06-17,2015-07-10,9.1
Звучи! Эуфониум 2,139,13,PG-13,1999-05-08,2020-04-23,9.1
Токийское восьмибалльное,429,11,PG-13,1991-10-09,2015-04-20,9.0
Великий из бродячих псов,645,12,NC-17,2004-03-17,2018-09-26,9.1
Врата: Там бьются наши воины,985,12,NC-17,2001-05-12,2015-01-18,9.1
Кайдзи,387,26,NC-17,2005-06-06,2019-11-28,9.1
Этот замечательный мир! 2,331,10,PG-13,2011-08-04,2016-02-13,9.1
Бог старшей школы,65,13,PG-13,1986-03-11,2021-01-19,9.1
Клетки за работой: Тёмная сторона,687,13,PG-13,2002-01-06,2017-01-04,9.0
Цикл историй: Второй сезон,468,26,NC-17,2011-07-12,2015-07-13,9.1
91 день,935,12,NC-17,1992-07-30,2018-02-15,9.1
Невеста чародея,891,24,PG-13,1986-01-30,2020-12-06,9.1
Мир удона Поко,115,12,PG-13,1990-09-22,2019-06-12,9.0
Гинтама 7,310,12,PG-13,2009-04-24,2018-02-01,9.1
Врата: Там бьются наши воины — Огнедышащие драконы,24,12,NC-17,2011-12-04,2020-06-28,9.1
Психопаспорт,646,22,NC-17,2014-04-18,2019-04-20,9.1
Дорохедоро,119,12,NC-17,2006-04-03,2016-12-13,9.1
Класс убийц,762,22,PG-13,2006-06-29,2021-02-27,9.1
Кафе из другого мира,790,12,PG-13,1995-09-30,2019-08-09,9.0
Волчий дождь,99,26,PG-13,1998-09-26,2021-03-11,9.1
Добро пожаловать в класс превосходства,724,12,PG-13,2007-12-02,2021-07-14,9.0
Ре-Мейн,170,12,PG-13,2011-07-14,2021-10-20,9.1
Кэрол и Тьюсдей,399,24,PG-13,2003-09-03,2020-10-23,9.1
Президент студсовета — горничная!,363,26,PG-13,2003-11-29,2017-12-17,9.1
Клетки за работой 2,742,8,PG-13,1986-08-21,2018-11-05,9.0
Рай Грисайи,31,10,NC-17,2009-03-12,2019-07-02,9.0
Путь аса,439,75,PG-13,2003-10-21,2020-11-21,9.0
Баскетбол Куроко,546,25,PG-13,1993-02-04,2015-09-01,9.1
Приоритет чудо-яйца,684,12,NC-17,1992-03-27,2015-12-09,9.0
Семь смертных грехов 2,666,24,PG-13,1989-01-15,2017-07-03,9.0
Сказка о Хвосте феи 3: Финал,281,51,PG-13,2009-04-24,2020-07-07,9.0
Бездомный бог,346,12,PG-13,2006-12-22,2015-04-02,9.0
Божества Идатэн в мирном поколении,428,11,NC-17,1995-01-20,2021-02-27,9.0
Re: Жизнь в альтернативном мире с нуля 2. Часть 2,307,12,NC-17,1988-01-13,2018-04-04,9.0
Хладнокровный Хозуки,971,13,PG-13,2007-09-10,2020-09-08,9.0
Лог Горизонт,258,25,PG-13,2001-12-24,2016-08-19,9.0
Невероятное приключение ДжоДжо,182,26,NC-17,2009-01-09,2021-02-19,9.0
Мастера Меча Онлайн: Алисизация,594,24,NC-17,2005-01-11,2021-12-11,9.0
Лагерь на свежем воздухе,196,12,PG-13,1987-01-24,2021-01-20,9.0
Re: Жизнь в альтернативном мире с нуля 2,679,13,NC-17,2000-01-16,2018-03-24,9.0
Жизнь без оружия 2,75,12,PG-13,1990-03-12,2016-10-15,9.0
Хакумэй и Микоти,658,12,PG-13,1998-04-29,2018-10-15,8.9
Пять невест,141,12,PG-13,1997-06-25,2017-03-27,9.0
Пожиратель душ,474,51,PG-13,1991-01-05,2016-08-07,9.0
Небо в цвету!,276,13,PG-13,2011-03-24,2018-08-03,9.0
Семь смертных грехов,928,24,PG-13,2007-06-11,2021-06-01,9.0
Парад смерти,66,12,NC-17,2013-08-07,2019-03-21,9.0
Страна самоцветов,620,12,PG-13,1999-07-19,2020-02-20,9.1
Этот замечательный мир!,828,10,PG-13,1987-04-13,2021-09-19,9.0
"Как и ожидалось, моя школьная романтическая жизнь не удалась",758,13,PG-13,2004-11-14,2017-12-19,9.0
"Как и ожидалось, моя школьная романтическая жизнь не удалась 2",227,13,PG-13,1993-08-08,2018-12-01,9.0
Угрюмый заклинатель духов,224,13,PG-13,2014-08-01,2018-02-19,8.9
Рандеву с жизнью 3,611,12,NC-17,2010-06-26,2015-01-01,9.0
Невиданный цветок,128,11,PG-13,1986-09-11,2017-07-24,9.0
Мастера Меча Онлайн: Алисизация — Война в Подмирье,997,12,NC-17,2013-09-08,2021-05-07,9.0
Сказка о Хвосте феи 2,391,102,PG-13,1995-07-26,2021-09-18,9.0
Повелитель 2,821,13,NC-17,2003-10-08,2015-11-20,9.0
Акудама Драйв,597,12,NC-17,2003-10-22,2018-06-16,9.0
Последний Серафим: Битва в Нагое,698,12,NC-17,2000-06-03,2021-03-24,9.0
Импульс мира 2,218,12,PG-13,2014-02-11,2016-11-07,9.0
Торадора!,90,25,PG-13,1996-06-07,2015-04-02,9.0
Непризнанный школой владыка демонов,834,13,NC-17,1994-03-04,2017-02-06,9.0
Усио и Тора,633,26,PG-13,2015-05-02,2016-10-09,9.0
Вольный стиль! Заплыв в будущее,572,12,PG-13,1991-08-10,2015-11-08,9.0
Маги: Лабиринт магии,807,25,PG-13,2002-12-27,2018-11-18,9.0
Темнее черного,380,25,NC-17,2008-04-18,2018-04-02,9.0
Судьба/Начало,521,13,NC-17,2009-03-13,2015-11-13,9.0
Самурай-гимнаст,185,11,PG-13,1997-06-20,2020-07-27,9.0
Власть книжного червя,401,14,PG-13,2012-07-05,2018-09-24,9.0
Судьба/Великий приказ: Вавилония,322,21,PG-13,1986-10-05,2018-06-24,9.0
Цугумомо 2,669,12,NC-17,2003-01-11,2017-07-22,9.0
Повторная жизнь,227,13,PG-13,2008-09-21,2019-08-27,9.0
Игра Дарвина,210,11,NC-17,1989-12-04,2020-02-17,9.0
Некий научный Рейлган T,3,25,NC-17,1998-09-14,2020-03-05,9.0
Повар небесной гостиницы,923,26,PG-13,1996-02-22,2020-06-08,9.0
"Если будешь не занят, спасёшь меня от апокалипсиса?",116,12,PG-13,2000-12-28,2020-02-09,9.0
Путешествие Кино: Прекрасный мир (2017),486,12,NC-17,1988-02-20,2015-04-07,9.0
Сальто назад!,277,12,R,2000-08-27,2015-09-29,9.0
Радиан 2,366,21,PG-13,1998-01-10,2018-03-23,8.9
История финала 2,828,7,NC-17,2013-12-19,2015-05-07,9.0
Ярость Бахамута: Невинная душа,162,24,NC-17,2007-10-03,2019-12-14,8.9
Путь аса: Второй акт,909,52,PG-13,2003-05-26,2018-01-15,9.0
Клетки за работой,419,13,PG-13,2014-12-27,2021-06-16,8.9
Убийца гоблинов,409,12,NC-17,1996-10-22,2020-04-15,9.0
Дворянство,377,13,NC-17,2011-07-28,2015-07-25,8.9
Путь аса 2,415,51,PG-13,1999-09-23,2019-10-16,9.0
Ремейк нашей жизни,47,12,PG-13,1988-10-08,2019-11-08,9.0
Токийский гуль,110,12,NC-17,1996-07-09,2016-05-05,9.0
Ярость Бахамута: Генезис,757,12,NC-17,2012-01-16,2015-11-09,8.9
Намбака,448,13,PG-13,2009-11-01,2016-06-03,8.9
Мы не можем учиться! 2,969,13,PG-13,1999-09-27,2018-08-12,8.9
Re: Жизнь в альтернативном мире с нуля,611,25,NC-17,2011-06-29,2015-05-11,8.9
Первый шаг: Восхождение,979,25,PG-13,1991-04-24,2018-12-06,9.0
Военная хроника маленькой девочки,906,12,NC-17,2009-03-17,2018-12-15,8.9
Сказка о Хвосте феи,407,175,PG-13,1992-03-10,2015-12-30,8.9
Девушки в последнем путешествии,658,12,PG-13,2009-08-05,2019-09-18,9.0
Ради своей дочери я смогу победить даже короля демонов,567,12,PG-13,1987-12-11,2015-07-18,8.9
Деревенская глубинка 3,790,12,PG-13,2007-11-23,2017-03-30,8.9
Моя геройская академия,390,13,PG-13,2010-10-26,2019-09-25,8.9
Звучи! Эуфониум,822,13,PG-13,2005-08-16,2019-08-13,9.0
"Волны, слушайте меня",819,12,NC-17,2007-01-23,2015-10-01,8.9
Девчонка не промах 2,733,9,PG-13,1992-02-15,2021-04-15,8.9
"Домашний питомец, иногда сидящий на моей голове",48,12,PG-13,2005-12-31,2018-03-11,8.9
Ванпанчмен 2,513,12,NC-17,1985-03-31,2019-01-15,8.9
Живая любовь! Сияние!! 2,708,13,PG-13,2006-08-16,2021-03-25,5.4
Смертоносный герцог и его чёрная горничная,149,12,PG-13,2014-07-26,2020-10-30,8.9
Добро пожаловать в NHK,244,24,NC-17,1988-10-25,2018-08-23,8.9
Как вырастить мумию,89,12,PG-13,1988-03-31,2018-08-16,8.9
Первоклассный адвокат 2,544,23,PG-13,2010-11-28,2019-02-22,8.9
"Может, я встречу тебя в подземелье? 3",535,12,PG-13,2002-11-21,2021-09-19,8.9
Моя реинкарнация в отомэ-игре в качестве главной злодейки,63,12,PG-13,1996-07-08,2019-04-01,8.9
Хеллсинг: Война с нечистью,366,13,NC-17,2010-10-24,2019-01-04,8.9
Перезапись: Луна и Земля,246,11,PG-13,1998-10-18,2021-11-21,8.8
"Дальше, чем космос",299,13,PG-13,2005-03-12,2016-06-21,8.9
Лог Горизонт 2,801,25,PG-13,2003-07-27,2019-10-02,8.9
Красноволосая принцесса Белоснежка,515,12,PG-13,1986-10-24,2019-05-24,8.9
Красавчики-детективы,983,12,PG-13,1992-04-22,2018-05-11,8.9
Контракт душ 2,282,12,PG-13,1985-08-25,2018-08-17,8.8
История финала,837,12,NC-17,1987-01-31,2018-08-08,8.9
Арте,271,12,PG-13,2007-10-18,2017-11-14,8.9
"Не издевайся надо мной, Нагаторо",144,12,PG-13,1987-04-22,2021-07-17,8.8
Ура мечте! 2,993,13,PG-13,1986-05-08,2016-10-04,8.9
Стальная тревога! Искусная победа,989,12,NC-17,1987-11-24,2021-11-26,8.9
АККА: Инспекция по 13 округам,665,12,NC-17,1992-10-18,2018-09-13,8.8
Рандеву с жизнью 2,95,10,NC-17,1994-10-17,2020-07-20,8.9
Ангельские ритмы!,549,13,PG-13,2007-01-17,2016-06-10,8.9
Заботливая 800-летняя жена!,191,12,PG-13,1997-06-24,2015-05-16,8.8
Синий экзорцист,682,25,PG-13,1998-12-14,2021-08-01,8.9
Стальная тревога! Новый рейд,518,13,NC-17,1995-07-03,2018-03-10,8.8
Моя геройская академия 5,623,25,PG-13,2000-08-09,2016-11-24,8.9
"Может, я встречу тебя в подземелье?",254,13,PG-13,1987-05-07,2021-02-13,8.9
Вольный стиль! Вечное лето,758,13,PG-13,1996-05-26,2021-07-27,8.9
"Ты единственная, кто любит Великого Меня?!",703,12,PG-13,1989-10-30,2020-01-04,8.9
Плод Грисайи,843,13,NC-17,1991-07-08,2016-03-25,8.8
Кланнад,12,23,PG-13,1999-03-13,2017-07-02,8.9
Команда мечты,767,50,PG-13,2012-09-21,2016-06-24,8.8
Две звезды онмёджи,421,50,PG-13,2006-04-23,2021-07-31,8.8
Королевский репетитор,536,12,PG-13,2013-02-15,2021-10-13,8.8
Первый шаг: Новый вызов,826,26,PG-13,2003-02-07,2021-10-04,8.9
Удзаки хочет тусоваться!,381,12,PG-13,1991-02-08,2018-08-10,8.8
"День, когда я стала Богом",764,12,PG-13,2005-10-04,2015-08-15,8.8
Сумо Хиномару,23,24,PG-13,1987-04-30,2020-02-14,8.8
Чайная «Рокуходо»,881,12,PG-13,2003-10-15,2017-12-13,2.3
Сёва-Гэнроку: Двойное самоубийство по ракуго,347,13,PG-13,2004-05-01,2018-11-01,9.6
Анголмуа: Хроники монгольского нашествия,907,12,PG-13,1994-03-08,2019-05-08,8.8
Чудачества любви не помеха! 2,840,12,PG-13,1991-11-09,2020-04-21,8.8
Жизнь без оружия,123,12,PG-13,1996-07-05,2021-06-24,8.8
Ди Грэй-мен: Святые,804,13,NC-17,1985-02-19,2017-01-02,8.8
Паладин на поле,83,37,PG-13,1998-03-29,2021-06-20,8.7
Истории подделок,289,11,NC-17,1987-01-07,2016-11-15,8.8
Непутёвый ученик в школе магии: Гость,276,13,PG-13,2010-03-13,2017-11-21,8.8
Дракон-горничная госпожи Кобаяси,635,13,PG-13,1992-02-08,2018-10-11,8.8
Прекрасная бабочка: Юный Нобунага,891,12,PG-13,2010-12-20,2021-12-22,8.9
Яркая Тихая 2,930,25,PG-13,1994-06-16,2015-11-16,8.8
"Холмс на Тэрамати-Сандзё, Киото",589,12,PG-13,1988-12-29,2017-09-11,3.3
Последний Серафим,921,12,NC-17,1999-05-27,2019-06-22,8.8
Свиной рамэн из Хакаты,952,12,NC-17,1986-10-18,2015-06-06,8.7
Хладнокровный Хозуки 2,697,13,PG-13,2015-06-29,2018-05-09,8.8
Дюрарара!! 2: Продолжение,10,12,NC-17,1991-02-16,2015-04-11,8.8
Выдающиеся звери,264,12,NC-17,2013-02-20,2019-06-14,8.8
Небесные волки: Сириус-егерь,911,12,NC-17,1988-12-03,2021-01-12,8.7
Повелитель тьмы на подработке!,682,13,PG-13,2007-09-14,2020-10-27,8.8
Нас всегда разделяли 10 сантиметров,27,6,PG-13,1986-07-22,2021-11-02,8.8
Рояль в лесу 2,380,12,"AniDUB,                             AniLibria,                             AniStar",1988-12-11,2020-05-23,6.3
Мы не можем учиться!,192,13,PG-13,2007-05-05,2015-01-23,8.7
Стальная тревога,434,24,NC-17,1999-03-24,2017-05-22,8.7
Деревенская глубинка 2,165,12,PG-13,2013-07-06,2015-01-10,8.7
Истории монстров,14,15,NC-17,2000-02-15,2016-11-10,8.8
Рыбалка для школьниц после занятий,537,12,PG-13,2008-07-29,2020-05-07,8.7
Фена: Принцесса пиратов,273,12,PG-13,2004-06-03,2020-04-22,8.8
Чистый звук,804,12,PG-13,2008-11-30,2017-04-23,8.7
Западные ворота парка Икэбукуро,349,12,PG-13,2013-04-17,2020-09-14,8.7
Юна из гостиницы Юраги,484,12,NC-17,2010-02-20,2019-03-08,8.7
Дневники слизи,259,12,PG-13,1996-03-18,2015-12-16,8.7
Девушка из оперы!!,956,13,PG-13,1995-11-24,2021-10-14,8.7
Кабанэри железной крепости,397,12,NC-17,1995-10-17,2017-02-10,8.7
Когда плачут цикады,905,26,NC-17,2007-09-28,2019-05-14,8.7
Сказание об Арслане,877,25,NC-17,1988-01-24,2017-05-10,8.7
Мастера Меча Онлайн: Алисизация — Война в Подмирье 2,76,11,NC-17,1992-11-17,2021-05-12,8.7
Эльфийская песнь,52,13,NC-17,2000-01-20,2020-11-11,8.7
Дека-данс,393,12,PG-13,1986-06-30,2020-09-03,8.7
Поддразнивание Такаги 2,252,12,PG-13,1990-08-01,2016-05-05,8.8
Новая игра! 2,37,12,PG-13,2006-08-06,2018-08-29,8.8
Выдающиеся звери 2,235,12,NC-17,1994-09-21,2015-04-04,8.7
Тада не может влюбиться,735,13,PG-13,2000-05-27,2020-12-15,8.7
"Не люблю боль, поэтому собираюсь вложить всё в защиту",535,12,PG-13,2010-05-21,2020-08-04,8.7
"Я, Цусима",383,12,PG-13,1995-10-06,2019-05-09,8.7
Боец Баки,875,24,PG-13,1989-06-18,2021-09-03,8.7
Механическая планета,200,12,PG-13,1998-12-18,2016-08-13,8.7
Легенда о Гранкресте,878,24,NC-17,1996-12-23,2018-05-08,8.7
Хикару и Го,108,75,PG-13,1990-02-14,2017-05-03,8.7
Повелитель тьмы: Другая история мира,290,12,PG-13,2001-04-23,2017-11-19,8.7
"Этот герой неуязвим, но очень осторожен",135,12,PG-13,1987-11-05,2018-09-18,8.7
Ми-ми-ми-мишка,886,12,PG-13,2008-04-08,2021-01-02,8.7
Василиск,133,24,NC-17,2006-02-26,2021-10-10,8.6
Полулюди 2,597,13,NC-17,2013-11-11,2019-10-23,8.7
Мифический дух: Хроники,224,12,R,1985-03-01,2020-03-09,8.7
Инуяся: Последний акт,573,26,PG-13,1991-10-11,2018-01-02,8.7
"Может, я встречу тебя в подземелье? 2",367,12,PG-13,1989-07-27,2018-09-19,8.7
Любовные неприятности: Тьма 2,413,12,NC-17,1985-11-25,2015-08-14,8.7
Ханда-кун,611,12,PG-13,1988-05-22,2018-12-31,8.7
Дуэт и вспышка молнии,979,12,PG-13,1985-11-07,2016-05-31,8.7
Лострейдж: Объединение «WIXOSS»,833,12,NC-17,1995-04-29,2017-02-25,1.4
Старшая школа DxD 2,55,12,R,1989-01-02,2015-11-22,8.7
Лагерь на свежем воздухе,360,12,PG-13,1986-08-03,2016-09-18,9.0
Рыцари и магия,446,13,PG-13,1994-02-23,2016-04-21,8.7
Кошачий рай,886,12,PG-13,2000-10-27,2016-06-21,8.7
Праздник кукол,757,12,PG-13,2001-04-29,2015-06-03,8.7
Драконий жемчуг: Супер,47,131,PG-13,2011-05-23,2021-07-05,8.8
Призрак в доспехах: Синдром одиночки,822,26,NC-17,2013-10-19,2020-10-20,8.7
Девчонка не промах,437,12,PG-13,2012-12-31,2019-07-14,8.7
Дюрарара!! 2: Финал,367,12,NC-17,2012-02-27,2021-12-23,8.7
Стальная тревога? Фумоффу,714,12,PG-13,2010-10-17,2020-04-26,8.6
"Доктор Рамунэ, специалист по мистическим болезням",956,12,PG-13,2014-11-13,2016-12-03,8.7
Рояль в лесу,42,12,PG-13,1998-11-22,2021-09-25,8.8
Мастера Меча Онлайн 2,811,24,PG-13,1994-03-31,2015-04-27,8.7
Школа мертвецов,902,12,NC-17,2006-12-06,2017-11-22,8.7
История одержимости,494,4,R,2010-05-01,2015-08-14,8.7
Синий экзорцист: Нечестивый король Киото,231,12,PG-13,2011-10-24,2015-01-30,8.7
Мартовский лев,999,22,PG-13,2007-11-08,2017-01-01,8.7
Путешествие Элейны,193,12,PG-13,1998-04-15,2021-11-14,8.7
Старшая школа DxD 3: Рождение,68,12,R,1997-10-06,2015-01-31,8.7
Досье лорда Эль-Меллоя II,149,13,NC-17,1987-04-17,2016-06-20,8.7
Оккультные служащие полуночи,223,12,PG-13,2014-11-20,2018-08-03,8.7
Слабый удар: Последняя стадия,652,4,PG-13,1985-08-22,2021-01-23,8.7
Мы свяжем лодку,963,11,PG-13,1999-03-05,2020-05-09,5.2
Непутёвый ученик в школе магии,285,26,PG-13,2010-03-10,2018-08-08,8.7
Супер Каб,894,12,PG-13,2007-06-24,2019-11-07,8.7
Осомацу-сан,863,25,NC-17,2000-09-22,2015-01-20,8.6
Шестая зона,328,11,NC-17,2000-08-19,2020-07-26,8.7
Чудачества любви не помеха!,749,12,PG-13,1996-09-19,2018-01-29,8.7
Академия ведьмочек,603,25,R,1994-02-20,2021-05-30,8.7
Кизнайвер,437,12,PG-13,2006-08-04,2019-11-13,8.7
Не называй это любовью!,601,12,PG-13,2009-02-10,2015-05-08,8.7
Спой мне «Yesterday»,620,12,PG-13,2002-06-17,2019-12-20,8.6
Вольный стиль!,170,12,PG-13,1998-01-23,2021-07-05,8.6
Дюрарара!!,234,24,NC-17,2014-06-17,2017-09-08,8.7
Фронт кровавой блокады 2,909,12,NC-17,2002-10-16,2019-04-01,8.7
Некий научный Акселератор,644,12,NC-17,2000-01-13,2018-05-18,8.6
Любовные неприятности: Тьма,863,12,NC-17,1994-01-25,2019-01-29,8.6
"Прекрасна, как луна",897,12,PG-13,1990-05-20,2015-11-15,8.6
Психопаспорт 2,353,11,NC-17,2009-06-06,2016-03-30,8.7
Доблесть рыцаря-неудачника,609,12,NC-17,2006-03-20,2016-07-07,8.6
Работа!! 2,66,13,PG-13,2014-02-15,2020-10-18,8.6
Деревенская глубинка,372,12,PG-13,1999-09-19,2021-12-03,8.6
Заводной дух войны: Альдерамин в небе,820,13,NC-17,1999-11-24,2015-09-04,8.7
Гаро: Печать пламени,783,24,PG-13,2001-03-11,2021-02-05,8.6
История цветов,393,5,R,1993-11-08,2016-04-25,8.7
Черная пуля,878,13,NC-17,1987-02-15,2018-03-01,8.6
Садистская смесь,198,12,PG-13,2012-09-29,2017-11-25,8.6
Новая игра!,317,12,PG-13,2014-12-16,2018-06-23,8.6
Деми хотят поболтать,445,12,PG-13,2011-01-13,2016-01-20,8.6
За гранью,18,12,PG-13,2014-09-10,2019-11-05,8.6
Живая любовь! Суперзвезда!!,576,12,PG-13,1991-09-26,2019-05-13,8.5
Монополия моего героя,368,12,PG-13,2010-08-20,2017-03-23,8.7
"Юно: Девушка, что воспевает любовь на грани этого мира",992,26,PG-13,1991-06-22,2018-12-19,8.6
Дюрарара!! 2: Наследие,228,12,NC-17,2014-11-14,2016-08-12,8.6
Девушка-сэнрю,884,12,PG-13,1995-06-17,2017-08-01,8.5
Импульс мира,885,73,PG-13,1993-05-14,2016-04-04,8.6
Загадочные дела ювелира Ричарда,786,12,PG-13,2015-08-28,2018-05-05,8.6
Измерение «W»,225,12,NC-17,2011-12-31,2015-08-18,8.6
Мастерство копа,357,12,NC-17,1985-10-23,2017-12-12,8.6
Глейпнир,36,13,NC-17,1995-06-11,2017-12-06,8.6
Как воспитать героиню из обычной девушки 2,449,11,PG-13,2007-10-26,2017-06-16,8.6
Боец Баки II,727,24,NC-17,1985-10-22,2020-07-30,8.6
A3! Осень и зима,432,12,PG-13,2005-12-08,2016-03-19,8.6
Работа!! 3,300,13,PG-13,1988-09-29,2019-08-15,8.6
Повседневная жизнь старшеклассников,380,12,PG-13,1998-11-13,2015-05-30,8.6
Ведущие звёзды,518,12,PG-13,2002-04-14,2021-06-04,8.6
Джульетта из школы-интерната,195,12,PG-13,1988-04-12,2018-01-03,8.6
Я побрился. Затем привёл домой старшеклассницу,784,13,NC-17,2011-03-11,2021-03-04,8.6
"Скучный мир, где не существует самой идеи похабных шуток",407,12,NC-17,1989-09-13,2019-05-09,8.6
Райдбэк,929,12,PG-13,2012-10-05,2020-06-17,3.4
Давайте сыграем,774,12,PG-13,2007-02-08,2017-09-12,8.6
Первоклассный адвокат,640,24,PG-13,1987-06-18,2021-12-19,8.6
Смотрительница Сунохары,617,12,PG-13,2010-01-11,2020-04-16,8.6
Апельсин,648,13,PG-13,1987-02-15,2018-05-19,8.5
Корзинка фруктов,623,26,PG-13,1985-06-18,2020-04-07,8.6
Арифурэта: Сильнейший ремесленник в мире,406,13,PG-13,1988-08-07,2019-11-29,8.6
Судьба/Апокриф,982,25,NC-17,1995-08-29,2017-07-21,8.6
Империя Альтаир,1000,24,PG-13,2003-02-18,2021-05-10,8.6
Школа-тюрьма,664,12,NC-17,1999-10-22,2016-03-30,8.6
Демон против демонов,518,12,NC-17,1993-09-13,2018-06-07,8.5
Дорога в школу Чио-чан,40,12,PG-13,1994-07-15,2015-09-10,8.5
Изо всех сил!!,276,25,PG-13,2004-12-10,2016-03-04,8.5
Некий научный Рейлган S,995,24,NC-17,1994-03-28,2016-12-18,8.5
"Что, если чрезвычайно развитая ролевая игра с полным погружением вызывает большее привыкание, чем реальность",43,12,PG-13,1989-07-01,2017-02-19,8.5
Буря потерь: Истребление цивилизации,567,24,PG-13,1986-12-14,2020-04-23,8.6
Попсовый эпос,624,12,PG-13,2001-10-01,2015-04-22,8.6
Зомбилэнд-Сага: Месть,693,12,NC-17,1993-10-20,2015-05-02,8.5
Номер 24,721,12,PG-13,2008-07-01,2020-05-30,8.5
Яркая Тихая 3,532,24,PG-13,1997-08-29,2018-01-10,8.6
Насколько тяжёлые гантели ты сможешь поднять?,873,12,PG-13,1993-09-22,2018-10-07,8.6
Ты и я,986,13,PG-13,1993-08-17,2016-07-01,8.6
Ты и я 2,864,13,PG-13,2008-06-16,2019-08-08,8.6
Царство,786,38,NC-17,2000-10-23,2019-02-22,8.5
Данганронпа: Школа надежды и безнадёжные школьники,390,13,NC-17,2012-02-27,2016-04-03,8.5
Возрождающие,673,22,NC-17,2014-06-26,2017-02-03,8.5
Полноценная жизнь онлайн,925,10,PG-13,1989-02-09,2021-12-26,8.5
Рандеву с жизнью,99,12,NC-17,1993-05-15,2016-03-25,8.5
Старшая школа DxD,564,12,R,2007-08-16,2015-08-08,8.6
Принц тенниса,553,178,PG-13,2004-01-30,2021-09-14,3.0
Экзотическая семейка,668,13,PG-13,2011-12-06,2020-11-01,4.4
Красный Марс,939,13,R,2001-05-12,2021-02-25,8.5
Внук мудреца,897,12,PG-13,1988-04-08,2019-04-15,8.5
Мелочи жизни,553,26,PG-13,2011-03-08,2020-08-07,8.6
Сервамп,305,12,NC-17,2003-10-15,2015-11-30,8.5
Мой сосед Сэки-кун,405,21,R,1998-04-29,2019-12-21,8.6
Персона 5,315,26,NC-17,1993-04-07,2018-01-28,8.5
Старшая школа DxD 4: Герой,195,12,NC-17,2003-11-27,2019-01-06,8.5
Коллекция Дзюндзи Ито,839,12,NC-17,1986-08-30,2018-11-09,8.5
Безумный азарт,614,12,NC-17,2013-04-20,2020-10-17,8.5
История кошки: Чёрная глава,186,4,R,1994-04-08,2017-01-23,8.5
Корона грешника,257,22,NC-17,1996-06-08,2020-10-16,8.5
"Да, я паук, и что?",731,24,PG-13,2007-08-21,2017-03-20,8.5
"Король демонов, попытайтесь снова!",264,12,PG-13,1992-03-22,2017-10-04,8.5
Реальная девушка,518,12,PG-13,1997-08-08,2018-04-30,8.5
Путешествие Кино: Прекрасный мир,119,13,NC-17,2001-05-23,2021-06-25,3.7
Когда плачут цикады: Карма,355,24,NC-17,2004-11-15,2019-09-06,8.5
Харука и Каната принимают подачу,824,12,PG-13,2014-10-09,2015-03-06,8.4
Цирк марионеток,969,36,PG-13,2009-11-08,2017-12-10,8.4
Девушка на час,278,12,PG-13,2001-04-23,2017-10-01,8.4
Инуясики,360,11,NC-17,2015-08-12,2015-09-18,8.5
Фантом: Реквием по Призраку,479,26,NC-17,1993-02-17,2015-11-15,8.5
Боевая академия города Астериск 2,451,12,PG-13,2007-11-10,2021-08-12,8.5
7 самураев,694,26,PG-13,1990-07-02,2016-07-03,8.5
Моя реинкарнация в отомэ-игре в качестве главной злодейки 2,993,12,PG-13,2009-11-10,2019-11-12,8.5
Бездельные дни старшеклассницы,391,12,PG-13,1998-01-27,2019-11-29,8.5
Пожиратель богов,751,13,NC-17,1986-05-24,2016-07-04,8.5
Из нового света,535,25,NC-17,1988-11-23,2019-10-19,8.4
Фронт кровавой блокады,625,12,NC-17,1987-02-13,2016-05-01,8.4
Маг-целитель: Новый старт,757,12,NC-17,2010-03-31,2019-06-26,8.5
Бананя,529,13,R,1998-08-24,2019-02-10,8.4
Хроники Валькирии,500,26,PG-13,2013-09-30,2015-10-05,8.5
Эксперименты Лэйн,258,13,NC-17,2009-08-19,2020-08-10,8.6
Кровавый парень,449,10,PG-13,1999-01-23,2020-04-14,8.5
Миг за мигом,799,12,NC-17,1996-07-01,2015-11-12,8.4
Афросамурай,922,5,NC-17,1990-05-14,2015-11-22,8.4
Атака! Титаны средней школы,982,12,PG-13,2010-03-07,2020-08-09,8.4
Домекано,799,12,NC-17,1995-10-18,2020-11-27,8.4
Любовь эпохи Мэйдзи,280,12,R,2012-05-05,2021-10-24,8.5
Комиксистки,850,12,PG-13,1995-09-28,2019-09-21,8.9
Избранный богами,212,12,PG-13,1995-08-09,2019-09-11,8.4
Пикник в Потусторонье,382,12,PG-13,1991-09-03,2018-02-15,8.4
Низкоуровневый персонаж Томодзаки,735,12,PG-13,1989-07-02,2017-06-07,8.4
Хранитель вечности,727,12,PG-13,1992-09-09,2016-04-23,8.4
В песках поющие китята,754,12,PG-13,2015-08-06,2017-01-12,8.5
Ещё больше любовных неприятностей,403,12,NC-17,2002-06-21,2019-05-09,8.4
"Зачем Вы здесь, учитель?!",485,12,PG-13,1989-02-02,2016-07-20,8.4
Квартет из альтернативного мира 2,1000,12,PG-13,1993-07-15,2018-05-10,8.4
Герой-рационал перестраивает королевство,956,13,PG-13,2007-11-01,2015-09-29,8.4
Поддразнивание Такаги,877,12,PG-13,2010-11-11,2018-05-20,8.4
Безумный азарт 2,121,12,R,1999-02-16,2021-10-31,8.4
Небесное бюро дизайна,629,12,PG-13,1985-03-09,2018-01-23,8.4
Литераторы и алхимики: Шестерни судей,570,13,PG-13,2002-12-14,2018-08-28,8.5
Яркая Тихая,329,25,PG-13,2008-06-12,2019-09-04,8.5
Марш смерти под рапсодию параллельного мира,798,12,PG-13,1994-09-21,2016-04-14,8.4
Темнее черного: Близнецы и падающая звезда,316,12,NC-17,2005-06-09,2021-01-30,8.4
Закрыты в рамках. Геном [Прямая трансляция],143,12,PG-13,2013-05-03,2017-09-15,8.4
Цитрус,750,12,PG-13,1993-04-11,2021-08-27,8.4
Двенадцать королевств,386,45,PG-13,1995-12-29,2016-09-06,8.6
Пустынная крыса,576,24,NC-17,1995-10-11,2019-07-31,8.4
Сказание о демонах сакуры: Сказание о Синсэнгуми,350,12,NC-17,1995-01-10,2019-09-04,8.4
Сказание о демонах сакуры: Записи голубой крови,874,10,NC-17,2007-02-08,2018-01-07,7.9
Шумиха!,601,13,NC-17,1988-01-29,2019-03-15,8.5
Принцесса-шпионка,191,12,NC-17,2004-06-24,2016-03-10,8.5
Цугумомо,967,12,NC-17,2008-08-13,2018-02-16,8.4
Жрицы с мечами,295,24,PG-13,2000-08-04,2017-09-25,3.3
В конечном счёте я стану твоей,865,13,PG-13,2011-10-07,2021-09-16,8.4
Пламенное кабадди,180,12,PG-13,2002-11-24,2015-10-23,8.4
Боевая академия города Астериск,351,12,PG-13,2003-08-15,2017-03-30,8.4
Тринити: Семеро магов,372,12,PG-13,1986-03-14,2020-04-03,8.3
Адати и Симамура,327,12,PG-13,2015-04-27,2016-05-27,8.4
Бездарная Нана,496,13,NC-17,1985-10-08,2020-07-22,8.4
Ура мечте! 3,500,13,PG-13,2005-04-10,2017-10-15,5.8
Токийский гуль 2,524,12,NC-17,1985-07-19,2018-07-15,8.4
Покемон,841,276,PG,2005-08-30,2021-07-20,8.3
Осомацу-сан 2,780,25,NC-17,1987-10-30,2018-12-29,6.4
Девушки-пони: Славное дерби,494,13,PG-13,2014-04-23,2016-10-29,8.3
Всемогущая магия святого,767,12,PG-13,2010-07-30,2019-01-29,8.4
Рыцари Сидонии: Битва за девятую планету,190,12,NC-17,2007-10-03,2020-07-04,6.9
Полулюди,730,13,NC-17,1987-09-20,2020-09-17,8.3
Перезапись,963,13,PG-13,2012-11-12,2020-07-13,8.3
Габриэль бросает школу,278,12,PG-13,1993-10-30,2016-02-15,8.4
Повелитель тьмы: Другая история мира 2,270,10,PG-13,1990-01-21,2018-09-17,8.3
Лилии на ветру 3,265,12,PG-13,2011-06-15,2015-12-18,8.8
Кровь+,18,50,NC-17,1988-01-19,2021-11-28,8.4
Ложные выводы,748,12,NC-17,2011-08-06,2021-07-30,8.3
Клубничная тревога!,529,26,PG-13,1991-08-08,2021-06-02,8.2
Двуличная сестренка Умару! 2,709,12,PG-13,1992-04-30,2017-09-01,8.3
Когда плачут цикады: Выпускной,693,15,NC-17,2014-05-23,2016-05-15,8.3
Девушки и танки,858,12,PG-13,1993-11-16,2017-12-05,8.3
"Я сказала, усредни мои способности!",524,12,R,1999-07-12,2019-01-30,8.3
Линия Дьявола,888,12,NC-17,1987-04-25,2020-09-03,8.4
Шерлок из Кабуки-тё,834,24,R,2009-01-19,2021-07-21,8.3
Весы Нил Адмирари: Загадочная история Тэйто,134,12,PG-13,1991-02-13,2016-03-04,8.2
Грабитель,492,24,PG-13,1990-12-25,2017-05-28,8.3
Морская академия,97,12,PG-13,1999-09-18,2018-02-20,8.4
Лог Горизонт 3,922,12,PG-13,1990-05-28,2017-04-14,8.3
"Последнее поле брани между тобой и мной, или Святая война сотворения мира",212,12,PG-13,1989-02-07,2018-07-22,8.4
Адская девочка: Двое заключенных,223,26,NC-17,1985-08-16,2020-10-03,8.3
Квартет из альтернативного мира,160,12,PG-13,1997-06-30,2015-02-01,8.3
Парень из эпохи Бакумацу,895,12,PG-13,1995-04-26,2017-04-15,2.2
Наруто: Найти темно-красный четырехлистный клевер!,443,1,SHIZA Project,1998-01-19,2019-02-20,7.5
Индекс волшебства II,679,24,NC-17,1995-01-27,2015-07-09,8.3
Рыцари Сидонии,271,12,NC-17,2004-10-18,2019-05-24,8.4
Нодамэ Кантабиле: Парижская глава,719,11,PG-13,1994-03-16,2018-11-09,2.6
Радиан,95,21,PG-13,2012-02-09,2017-10-16,8.3
Сказание о демонах сакуры: Хроники рассвета,33,12,NC-17,2007-10-09,2015-03-23,3.6
Психопаспорт 3,592,8,NC-17,2009-02-16,2021-07-24,8.3
Медленный старт,427,12,PG-13,2015-06-12,2020-07-15,8.0
Данганронпа 3: Конец школы надежды — Отчаяние,70,11,NC-17,2015-07-25,2015-10-26,8.3
22/7,3,12,PG-13,2012-07-21,2016-10-14,8.3
Трусливый велосипедист 2: Большая дорога,179,24,PG-13,1990-08-30,2015-11-23,1.5
Сайт волшебниц,601,12,NC-17,1988-08-03,2017-02-04,8.3
Похотливая Ао не может учиться,908,12,PG-13,1995-12-06,2020-05-08,8.3
Бюро паранормальных расследований Мухё и Родзи 2,137,12,PG-13,2012-04-21,2018-06-14,8.3
Школьной романтической комедии мешают мои мысленные выборы,435,10,PG-13,1988-06-13,2020-01-21,8.3
Хроники непобеждённого Бахамута,306,12,PG-13,1999-05-16,2017-07-17,8.3
Сезон беспокойных дев,466,12,PG-13,2004-04-04,2016-04-24,8.3
Взрыв!,778,12,NC-17,1992-02-08,2020-07-29,8.3
Актёры,466,12,PG-13,2000-09-30,2016-03-13,8.2
Дни,821,24,PG-13,1995-07-16,2018-04-08,8.3
Волшебство: Ренессанс,878,13,PG-13,1989-11-01,2016-09-28,9.4
Обещанный Неверленд 2,932,11,NC-17,1987-01-21,2021-12-14,8.2
Любовные неприятности,974,26,NC-17,1998-07-04,2021-12-31,8.3
Книжник-скелет Хонда,863,12,PG-13,2013-12-25,2018-09-06,8.3
Жизнь не в одиночку,264,12,PG-13,1996-08-08,2015-07-18,8.3
Фи Брейн: Загадка Бога,664,25,PG-13,1986-12-03,2021-01-08,8.3
Слабый удар,271,20,PG-13,1990-02-14,2018-05-24,8.3
Любовь похожа на прошедший дождь,821,12,PG-13,2008-01-12,2019-09-04,8.3
По велению адской сестры: Взрыв,354,10,NC-17,1998-04-13,2018-10-04,8.3
Обманщик: «Юные детективы» Рампо Эдогавы,729,24,PG-13,2011-06-03,2020-02-11,8.3
Из якудза в идолы,376,10,NC-17,2000-02-08,2020-03-29,8.2
Бугипоп никогда не смеётся (2019),479,18,NC-17,1990-07-01,2016-03-31,8.2
Остров,426,12,PG-13,1995-07-15,2020-05-26,8.3
Легенда о героях Галактики (2018),856,12,NC-17,2003-03-25,2021-05-22,8.8
Ребята-чирлидеры!!,581,12,PG-13,1987-11-07,2017-08-07,1.2
Чистюля! Аояма,102,12,PG-13,2011-01-09,2018-05-28,8.3
Война двенадцати,424,12,NC-17,1995-03-30,2018-01-17,8.2
Мастера Меча Онлайн: Альтернативная «Призрачная пуля»,152,12,PG-13,1990-10-31,2017-03-02,8.3
Индекс волшебства III,360,26,PG-13,1994-09-26,2018-02-26,8.3
Семь смертных грехов: Гнев богов,154,24,PG-13,1989-01-19,2016-10-20,8.3
Кэйджо!!!!!!!!,944,12,PG-13,2011-06-14,2017-05-03,8.2
Девичьи воздушные силы,644,12,PG-13,1996-11-05,2015-03-10,8.2
Работа!!,538,13,PG-13,2014-10-27,2020-09-25,8.2
По велению адской сестры,99,12,NC-17,1994-10-07,2019-03-10,8.2
Доктор для девушек-монстров,569,12,PG-13,2004-07-14,2021-08-31,8.2
Инспекторы чудес Ватикана,246,12,NC-17,1986-12-27,2018-09-15,8.2
Члены школьного совета 2,652,13,NC-17,2004-03-13,2017-08-22,8.2
Трусливый велосипедист 3: Новое поколение,57,25,PG-13,1987-05-01,2015-02-06,3.5
Битва через 5 секунд после встречи,997,12,PG-13,1997-01-05,2015-08-10,8.2
Сотня,613,12,PG-13,1986-05-08,2016-05-04,8.2
Парни «Санрио»,450,12,PG-13,2000-09-25,2020-04-27,1.2
Городская дьяволица,468,12,PG-13,2004-03-06,2015-02-15,8.2
Любимый во Франксе,677,24,PG-13,2013-05-29,2020-10-28,8.2
Комнатный поход,901,12,PG-13,2006-08-03,2021-10-13,8.3
Розарио + Вампир 2,715,13,NC-17,2006-10-02,2021-12-27,8.2
Токийский гуль 4: Перерождение 2,893,12,NC-17,1990-04-04,2015-02-11,8.2
"Если мой кумир споёт на Будокане, то я умру",285,12,R,2013-06-28,2018-01-30,8.2
Коидзуми-сан любит рамен,716,12,PG-13,1996-09-16,2021-05-16,2.2
A3! Весна и лето,577,12,PG-13,1990-01-05,2019-11-19,8.2
Ниндзя Нобунаги 2,75,26,R,1985-09-08,2017-12-26,4.6
Специальный отдел криминальных расследований: Токунана,154,12,R,1993-06-03,2019-06-18,8.1
Магазинчик сладостей 2,66,12,PG-13,1989-06-30,2017-06-16,8.2
Один из отвергнутых: Изгой,906,12,NC-17,2011-11-12,2015-09-06,8.2
Ангел спустился ко мне!,914,12,PG-13,1986-12-14,2016-02-15,8.2
Фуука,103,12,NC-17,2005-05-29,2017-03-29,8.2
Как госпожа Вельзевул пожелает,91,12,PG-13,2010-05-10,2015-06-30,8.2
Моя горничная слишком надоедливая!,246,12,PG-13,2007-04-15,2020-12-18,8.2
В другом мире со смартфоном,925,12,PG-13,2005-06-22,2015-01-16,8.2
Бедственная правда,215,12,NC-17,2014-06-13,2015-07-29,8.2
Нулевой Эдем,39,25,PG-13,2004-03-10,2021-08-08,8.2
Тама: Откуда же он взялся?,329,11,PG-13,2006-06-24,2017-07-12,8.3
Живая любовь! Школьный клуб айдолов,538,13,PG-13,2013-02-11,2018-12-04,8.2
Разрушители,969,16,PG-13,2014-01-03,2019-09-06,6.0
Семь смертных грехов: Яростное правосудие,690,24,PG-13,2007-02-27,2016-12-02,8.2
Как воспитать героиню из обычной девушки,742,12,PG-13,1986-07-21,2015-09-25,8.2
Клинок Бессмертного,810,13,NC-17,1992-03-12,2019-10-11,8.2
Чара-хранители!,319,51,R,1998-04-26,2021-06-06,8.2
Судьба/Ночь схватки,526,24,NC-17,2013-04-22,2019-11-22,8.2
Заказывали кролика?,979,12,PG-13,1993-01-09,2017-03-21,8.2
Танец мечей: Цветочный круг 2,234,12,PG-13,2009-07-03,2021-04-07,4.0
Да здравствует Амитабха: Лотус Утены,306,12,R,2008-12-16,2016-03-14,6.4
Трусливый велосипедист,384,38,PG-13,1992-09-23,2021-05-23,8.2
Пропавшие феи 2,384,12,PG-13,2003-11-02,2019-02-27,8.1
Комендант общежития богинь,236,10,NC-17,2004-10-16,2020-06-26,8.1
Чара-хранители!! Сердцебиение,572,51,R,2008-10-08,2017-05-20,8.0
Планета Короля Зверей,91,11,NC-17,1988-10-04,2019-11-21,8.1
Танец мечей,248,13,PG-13,2007-06-18,2016-07-17,8.2
Члены школьного совета,163,13,NC-17,1992-07-10,2016-12-30,8.1
Планета Уит,369,12,PG-13,1985-06-30,2020-03-11,8.1
Бюро паранормальных расследований Мухё и Родзи,683,12,PG-13,2015-01-26,2018-04-12,8.2
Небесный метод,547,13,PG-13,2000-08-13,2021-05-31,8.1
Ниндзя Нобунаги,742,26,R,2004-09-22,2021-01-04,1.3
Добро пожаловать в Сэтон,498,12,PG-13,1988-10-08,2018-02-19,8.1
Индекс волшебства,415,24,NC-17,1987-03-31,2018-06-01,8.1
Бэм,7,12,PG-13,1999-08-26,2015-10-12,8.1
"Готов ли ты влюбиться в извращенку до тех пор, пока она милая?",669,12,PG-13,2011-10-02,2018-10-24,8.1
Отвергнутый священный зверь,638,12,NC-17,1994-03-23,2020-12-17,8.1
Судьба/Девочка-волшебница Иллия 3,235,12,PG-13,1985-06-10,2016-07-30,8.9
Штурмовые ведьмы,376,12,NC-17,1994-11-26,2016-06-14,8.1
Смертельный укус,855,12,NC-17,1987-10-31,2016-05-29,8.1
Марш смерти под рапсодию параллельного мира,36,12,PG-13,1997-06-06,2015-01-08,8.4
Госпожа Вампир по соседству,121,12,PG-13,1994-04-15,2018-04-20,8.0
Одуванчик из призамкового города,666,12,PG-13,2010-05-30,2021-12-17,8.0
Божественная семейка,325,13,PG-13,1985-12-25,2019-11-18,3.6
Я стою на миллионах трупов 2,308,12,PG-13,2008-05-19,2015-09-03,8.1
Данганронпа 3: Конец школы надежды — Будущее,677,12,NC-17,2005-02-17,2020-01-25,8.1
Несокрушимая механическая кукла,24,12,NC-17,2013-07-27,2017-07-02,8.1
Айтю: На полпути к идолу,224,12,PG-13,1986-08-08,2019-08-09,8.0
Удар крови,92,24,NC-17,2005-09-14,2018-04-06,8.1
Лазурные огни,376,12,R,2009-09-08,2016-12-07,8.1
"О том, кем работает король драконов",316,12,PG-13,1992-02-16,2019-01-08,8.1
Дневник будущего,703,26,NC-17,2013-03-06,2020-02-16,8.1
Нодамэ Кантабиле,219,23,PG-13,1999-01-24,2017-12-18,3.0
Адская девочка,870,26,NC-17,2007-12-01,2016-03-21,8.0
Страна чудес смертников,778,12,NC-17,1997-04-29,2021-09-01,8.0
"Может, я встречу тебя в подземелье? Меч Оратории",175,12,PG-13,1990-06-22,2016-01-14,8.1
Эпоха смут,429,12,PG-13,1998-10-11,2021-04-07,7.6
Я требую яоя!,696,12,PG-13,1993-06-04,2020-05-05,8.0
Оккультная девятка,635,12,PG-13,2002-12-29,2018-03-11,8.1
Заказывали кролика? 2,193,12,PG-13,2008-12-18,2016-04-24,3.7
Старшеклассники позволили себе жизнь в другом мире!,967,12,PG-13,1994-09-18,2019-07-22,8.0
Селектор: Заражение «WIXOSS»,418,12,NC-17,2006-01-16,2020-12-05,9.2
Девичья опера: Свет ревю,292,12,PG-13,2001-01-29,2017-11-03,6.8
Бедствие ли это?,416,12,PG-13,2007-05-28,2020-02-06,8.0
Сумасшедшие ребята,225,11,PG-13,1997-05-02,2016-01-16,8.0
В поисках потерянного будущего,390,12,PG-13,1996-09-05,2020-04-16,8.0
Белая коробка,808,24,PG-13,1997-08-19,2015-12-21,8.1
Лазурный путь,702,12,PG-13,1993-02-21,2017-09-10,8.0
С этим клубом точно что-то не так!,609,12,R,2008-03-26,2015-04-07,8.0
Гордость убийцы,107,12,R,1998-08-14,2018-06-21,8.0
Эроманга-сэнсэй,991,12,PG-13,1993-01-30,2017-11-15,8.0
Штурмовые ведьмы 2,994,12,NC-17,2001-10-27,2016-05-14,9.6
"Убивая слизней 300 лет, сама того не заметив, я достигла максимального уровня",581,12,PG-13,1996-03-29,2015-07-10,8.0
Парни из магазинчика,970,12,PG-13,1995-10-26,2020-03-16,8.0
Уж не зомби ли это? Среди мертвецов,848,10,NC-17,2008-12-02,2015-01-07,8.1
Двуличная сестренка Умару!,245,12,PG-13,1987-09-03,2021-02-06,8.0
Ода «Корица» Нобунага,982,12,PG-13,1987-01-01,2020-08-14,7.9
"Изетта, последняя ведьма",79,12,NC-17,2008-08-22,2020-04-15,7.9
Капитан Цубаса,607,52,R,1991-04-26,2018-05-04,9.1
Селектор: Распространение «WIXOSS»,785,12,NC-17,1996-04-26,2016-05-17,1.3
Рок-шоу!! 2,138,12,PG-13,2011-07-17,2021-09-24,3.8
Сладкая жизнь,354,12,NC-17,2006-02-28,2019-02-27,8.0
"Ты – хозяин, я – слуга",860,13,NC-17,2009-12-02,2016-12-22,8.0
Фантом в сумерках,655,12,PG-13,2010-01-28,2021-07-13,8.0
Дорога зверя,972,12,PG-13,2000-11-28,2018-03-03,8.0
Живая любовь! Сияние!!,222,13,PG-13,2014-05-25,2021-02-27,8.0
Лилии на ветру,66,12,PG-13,2012-08-22,2021-05-22,8.0
Аккун и девушка,116,25,PG-13,2013-10-26,2021-03-17,8.0
Школьные войны 2: Судьба Дракона,422,12,NC-17,1998-06-08,2016-01-15,9.9
"Было бы лучше, если бы здесь была только младшая сестра",803,12,NC-17,2011-03-25,2016-06-14,8.0
Фантазия Гранблю 2,952,12,PG-13,1989-05-24,2016-09-27,8.0
Решающий удар!,343,12,PG-13,2009-01-05,2020-10-07,8.0
Ангел кровопролития,140,12,NC-17,2009-11-18,2016-04-01,7.9
Записки о робототехнике,52,22,PG-13,1993-05-31,2019-01-11,8.0
Рок-шоу!!,658,12,PG-13,1987-10-17,2016-11-03,8.0
Уж не зомби ли это?,146,12,NC-17,1997-11-02,2016-07-28,7.9
Радость подъема 3,418,13,PG-13,1999-12-15,2021-10-24,2.7
Розарио + Вампир,15,13,NC-17,1985-04-14,2016-04-22,7.9
Серебряный страж 2,948,6,PG-13,1986-04-08,2018-03-11,7.9
Я стою на миллионах трупов,662,12,PG-13,1987-07-27,2015-08-24,7.9
Звёзды ансамбля!,578,24,PG-13,1994-12-06,2017-08-30,1.6
Лазурный путь: Малый вперёд!,160,12,PG-13,2001-10-30,2018-10-02,7.9
Парень из эпохи Бакумацу 2,833,12,PG-13,2014-12-22,2020-07-03,1.8
Да просто так!,225,12,PG-13,2011-12-16,2015-10-04,7.9
Вавилон,39,12,NC-17,2013-10-11,2016-08-25,7.9
Магазинчик сладостей,832,12,PG-13,2015-12-30,2019-04-14,7.9
WWW.Работа!!,967,13,PG-13,2005-11-29,2020-07-21,7.9
Волейбольный клуб старшей школы Сэйин,698,12,PG-13,2011-09-03,2019-01-24,7.9
Детективное агентство дятла,145,12,NC-17,1993-10-30,2015-06-29,7.9
Бесконечный Дендрограм,496,13,PG-13,1987-11-23,2016-10-17,7.9
Из одной комнаты 2,977,12,PG-13,2002-06-19,2021-04-24,2.0
Бананя: Таинственные друзья,65,13,R,1995-05-03,2020-09-14,7.9
"Сильнейший герой, обученный в тайном подземелье",36,12,PG-13,1997-01-22,2020-01-28,7.9
Сакэ Вакако,669,12,PG-13,1997-05-18,2017-03-17,1.7
Трусливый велосипедист 4,881,25,PG-13,2009-05-23,2016-11-09,9.6
Атом: Начало,24,12,PG-13,1990-05-11,2016-02-11,8.2
Абсолютный дуэт,843,12,NC-17,2012-02-08,2018-09-24,7.9
Фи Брейн: Загадка Бога 3,429,25,PG-13,2003-09-14,2019-07-14,8.6
Магическая академия Атараксия: Гибрид x Сердце,477,12,NC-17,2010-11-21,2021-12-15,7.9
Эндро!,914,12,R,1994-02-19,2015-03-21,3.1
Месть Масамунэ,235,12,PG-13,1999-11-29,2020-04-05,7.8
Рок-шоу! 3,129,12,PG-13,1994-12-21,2016-06-22,5.3
Танец мечей: Цветочный круг,207,12,PG-13,1991-03-17,2019-02-28,3.0
Сними меня,893,13,PG-13,2005-09-03,2020-02-28,7.7
Сказочная девочка,514,10,PG-13,2006-04-22,2019-12-28,5.3
РобиХати,833,12,PG-13,2003-12-29,2015-04-05,7.7
Держись крепче! Скалолазки,495,12,PG-13,1988-01-02,2015-10-06,7.9
Девичьи кричалки!,231,12,PG-13,2006-08-18,2017-11-19,6.2
Проект воспитания девочек-волшебниц,109,12,NC-17,1987-03-08,2016-08-21,7.8
Зомбиленд. Сага,585,12,NC-17,1990-02-24,2019-03-02,7.8
Штурмовые ведьмы: Дорога на Берлин,321,12,PG-13,1988-07-31,2017-05-10,7.8
Экзотическая семейка 2,196,12,PG-13,1986-11-20,2020-06-23,7.2
Выпиваем дома,1,12,PG-13,2000-02-03,2017-10-09,7.7
Записи о магии: Девочка-волшебница Мадока★Волшебство — Гайдэн 2,684,8,PG-13,2006-01-18,2021-03-22,9.2
Диназенон,908,12,PG-13,1987-04-07,2017-09-05,7.8
Любовь тирана,409,12,PG-13,2005-12-17,2015-02-09,7.8
История семьи Аркана,704,12,PG-13,1992-01-18,2017-08-08,7.8
Трехцветные звездочки,979,12,PG-13,1993-01-18,2021-08-26,7.0
Принцессы-полудемоны,384,24,PG-13,1998-09-25,2021-11-24,7.8
Фокусница-старшеклассница,537,12,PG-13,1993-01-06,2021-03-15,7.8
Покемон: Солнце и луна,328,146,PG,1999-01-01,2017-01-25,7.7
Свяжись со мной!,384,12,PG-13,2000-07-10,2020-12-15,6.9
Я и 23 раба,363,12,NC-17,2009-10-12,2021-07-01,7.8
Страсть на кончиках пальцев: Мой друг детства — пожарный,231,8,NC-17,1987-06-27,2019-07-01,7.7
Заметки Ятогамэ,178,12,PG-13,2002-02-03,2016-09-29,9.9
Клуб кабуки,463,12,PG-13,1997-10-10,2019-05-29,7.8
Адская девочка: Три пути,997,26,NC-17,2012-06-06,2015-09-28,9.3
Судьба/Девочка-волшебница Иллия 2: Продолжение,367,10,PG-13,1993-06-16,2015-09-19,1.1
Смута: Принцесса снега и крови,252,12,NC-17,2006-11-21,2019-05-23,7.8
"Вперёд, ко вселенной!!",804,39,R,2005-07-29,2017-10-11,8.5
Сарадзаммай,978,11,PG-13,2001-09-29,2021-05-31,7.7
Берсерк 3,638,12,NC-17,2010-09-16,2020-12-02,7.8
Сказание о демонах сакуры: Книга сказок,56,12,PG-13,1987-01-08,2019-04-11,9.7
Двойной удар: Даг и Кирилл,912,13,NC-17,1996-12-24,2020-12-06,9.2
Горизонт посреди пустоты 2,797,13,NC-17,2014-09-19,2019-09-28,6.3
Судьба/Девочка-волшебница Иллия 2,814,10,PG-13,1992-04-12,2015-08-23,7.8
Записи о магии: Девочка-волшебница Мадока★Волшебство — Гайдэн,484,13,PG-13,1990-04-27,2019-12-07,7.5
Храбрые ведьмы,534,12,NC-17,2010-12-24,2021-06-05,4.0
Страна снов и 100 спящих принцев,27,12,PG-13,2013-12-13,2018-05-28,8.5
Лострейдж: Побуждение «WIXOSS»,381,12,NC-17,1997-06-24,2020-06-27,8.5
Плеяда семи звёзд,210,12,PG-13,2009-09-05,2019-11-30,7.7
Дымная трава,257,12,R,2006-12-26,2017-03-05,6.8
Марафонцы!,606,12,PG-13,1991-12-20,2021-11-30,8.0
Штурм Лили: Букет,618,12,PG-13,2013-04-11,2016-04-30,7.8
Ура мечте!,950,13,PG-13,1996-12-15,2020-03-11,3.3
Персона 4,53,25,PG-13,2015-09-10,2017-03-15,4.5
Повелитель Рагнарёка и покровитель эйнхерий,455,12,PG-13,1990-09-20,2021-05-10,7.6
Адская девочка: Разговоры в сумерках,491,12,NC-17,2013-05-05,2017-08-21,1.1
Пустынная эскадрилья Котобуки,655,12,R,2002-11-17,2021-06-04,4.3
"Гипнотический микрофон: рэп-баттл дивизионов, Райм-Анима",715,13,NC-17,2013-09-09,2015-02-08,7.7
Персиковый мальчик с того берега,152,12,PG-13,2008-04-26,2017-03-25,7.6
Судьба/Девочка-волшебница Иллия,86,10,PG-13,1987-05-10,2019-11-17,7.6
"Восьмой сын, я так не думаю!",962,12,PG-13,1992-12-16,2021-01-06,7.7
Покемон: Солнце и луна,561,146,PG,2009-04-18,2020-04-29,7.7
Проект-Б: Амбициозное биение,446,12,PG-13,2010-12-14,2019-06-13,9.2
Пропавшие феи,169,12,PG-13,2011-02-02,2017-07-17,7.6
Моя девушка — убежденная извращенка-девственница,659,10,PG-13,1999-04-09,2020-03-13,7.7
Кузнец святого меча,76,12,NC-17,2000-08-03,2017-11-30,7.6
Герой Юки Юна,879,12,PG-13,1996-10-08,2017-09-13,1.7
"Эй, люби меня всерьёз!",193,12,PG-13,1986-04-27,2016-07-30,7.7
Годзилла: Точка сингулярности,661,13,PG-13,2008-08-27,2021-07-14,7.6
Связь принцесс: Повторное погружение,15,13,PG-13,1998-04-08,2018-02-15,7.6
"История о пареньке из деревни, расположенной перед сложнейшим подземельем",594,12,PG-13,1994-10-15,2015-05-18,7.6
Путь назад,212,24,PG-13,1987-10-23,2019-02-10,7.6
Слушатели,861,12,R,1986-05-29,2020-11-09,7.6
Баскетбольный клуб!,414,12,PG-13,2000-06-18,2021-01-13,8.8
Фи Брейн: Загадка Бога - Орден Орфея,361,25,PG-13,2004-01-05,2018-08-11,4.7
Король Призмы: Семь сияющих звёзд,353,12,PG-13,2012-01-29,2019-09-15,1.1
Давайте тоже слепим кружку,15,12,R,1985-04-03,2020-08-12,7.6
Мои девушки,979,12,PG-13,2003-07-05,2019-04-05,7.6
"А ты думал, что твоя жена в онлайн-игре на самом деле не девушка?",715,12,PG-13,2008-08-25,2015-09-09,7.6
Фантастическая Звезда Онлайн 2,691,12,PG-13,1993-07-28,2020-12-07,7.6
Z/X: Код воссоединения,197,12,PG-13,2013-05-06,2021-07-02,5.8
Чара-хранители! Вечеринка!,74,25,R,2013-02-17,2018-06-20,8.3
Работяга,900,11,PG-13,1998-07-29,2020-06-07,1.8
Магмел синего моря,374,13,R,2012-10-04,2020-09-22,7.5
Магия Стеллы,944,12,PG-13,2007-09-17,2015-10-06,5.8
Поющий принц 3,818,13,PG-13,1987-05-16,2021-09-08,7.6
Поющий принц 2,571,13,PG-13,2012-08-13,2015-07-15,7.6
Сумеречный разум 2041,870,12,NC-17,1988-01-06,2015-10-05,7.7
Подземелье Токио,877,26,PG-13,2003-01-14,2019-07-10,8.3
Черный кот,317,23,PG-13,1989-07-15,2016-02-15,7.7
Судьба/Дополнение: Последний вызов на бис,191,10,NC-17,1996-12-18,2015-11-24,7.5
Проект Скард: Шрам Прэйтер,864,13,PG-13,2001-05-06,2019-01-06,7.5
Офисный работник из Африки,304,12,PG-13,2006-02-03,2021-07-16,1.3
Семёрка идолов 2,939,15,PG-13,1992-05-04,2019-08-12,8.6
Питомец,651,13,NC-17,2006-11-11,2019-08-04,7.5
Фантастическая Звезда Онлайн 2: Эпизод Оракул,366,25,PG-13,2000-01-19,2018-03-23,4.4
Ну не может моя сестрёнка быть такой милой,344,12,PG-13,1997-01-26,2015-07-10,7.6
Девять золушек в августе,748,12,PG-13,2006-07-09,2015-08-10,3.1
Клинок и душа,111,13,NC-17,2009-02-02,2021-05-21,7.5
Любовь и продюсер,762,12,PG-13,2015-06-01,2017-07-04,7.5
Космический линкор Тирамису,879,13,PG-13,1989-12-24,2019-01-10,7.6
Ну не может моя сестрёнка быть такой милой 2,422,13,PG-13,1989-06-06,2016-02-25,7.5
Школьные войны 3: Великие стражи,470,12,NC-17,1996-06-19,2018-09-10,7.9
Лилии на ветру 2,485,12,PG-13,2005-04-08,2019-01-11,6.9
Отикоборэ: Фруктовый пирог,704,12,PG-13,2010-04-14,2017-02-12,8.4
Геймеры!,641,12,PG-13,1999-08-27,2017-08-07,7.4
Фантастические дети,136,26,PG-13,2004-09-19,2020-07-16,2.6
Нодамэ Кантабиле: Финал,176,11,PG-13,2011-08-31,2016-08-03,9.4
Живая любовь! Сияние!! 2,680,13,PG-13,2014-12-22,2021-01-27,9.4
Девочки-волшебницы: Специальная операция,977,12,NC-17,2005-11-14,2015-06-20,7.4
Пристанище для потерянных,61,12,NC-17,2002-02-07,2015-09-15,7.4
Семёрка идолов,555,17,PG-13,2010-12-08,2019-12-22,6.8
Поющий принц,314,13,PG-13,1999-02-11,2021-12-28,7.4
Хлопушка-раскладушка,224,13,PG-13,2000-02-08,2016-11-28,3.4
Судный день,297,11,NC-17,1987-11-08,2017-05-16,7.4
"RErideD: Деррида, покоривший время",245,12,PG-13,2010-10-09,2019-07-27,5.9
Фантазия Гранблю,67,13,PG-13,2006-05-04,2015-09-05,7.5
Серебряный страж,939,12,PG-13,1991-08-08,2017-11-20,7.3
Волшебник-воин Орфен 2,236,11,PG-13,1987-11-23,2016-09-19,7.4
"Моя единственная любовь — младшая сестрёнка, хоть она и не сестрёнка",867,10,NC-17,1998-05-30,2021-06-06,7.4
Гридмен,82,12,PG-13,1985-04-12,2018-08-04,7.4
Токийский гуль 3: Перерождение,89,12,NC-17,2004-05-04,2017-05-05,7.4
Королевская игра,29,12,NC-17,2003-06-12,2019-02-13,7.3
Миллион Артуров 2,780,13,PG-13,2005-09-09,2016-11-19,6.5
Поющий принц 4,148,13,PG-13,2011-06-02,2018-04-05,4.7
Волшебный учитель Нэгима!,740,26,PG-13,1999-06-26,2015-06-07,4.8
Волшебник-воин Орфен,70,13,PG-13,2000-09-16,2021-01-04,7.3
Бадминтон Аяно Ханэсаки,873,13,PG-13,1992-11-13,2018-08-09,2.1
Ван-Пис: Футбольный король мечты,5,13,Сакай Мунэхиса,2003-10-21,2015-07-24,3.7
Валькирия и любовь,257,12,NC-17,1992-10-10,2017-12-26,7.4
Мой жених — своенравный и инфантильный ученик,58,12,NC-17,1996-01-11,2015-06-01,7.4
Цена улыбки,828,12,R,2004-12-25,2021-08-09,7.3
Дама и принц,947,12,PG-13,2010-02-04,2015-02-10,7.1
Заметки Ятогамэ 2,862,12,PG-13,2009-12-02,2017-09-30,5.9
Мой «комплекс братика» морали не остановить!,560,12,NC-17,1997-06-08,2016-01-06,7.3
Клуб настольных игр,509,12,PG-13,1994-01-30,2015-04-14,6.8
Кровопийцы,713,12,NC-17,2001-09-06,2021-08-21,7.2
Исчезнувший город,294,12,PG-13,1994-01-15,2019-10-08,7.3
Неуклюжая Уэно,945,12,PG-13,1989-07-05,2021-10-31,7.4
Новый принц тенниса,505,13,PG-13,2011-07-14,2021-09-07,8.8
Щелкунчик Китаро (2018),215,97,R,1992-08-24,2018-07-15,8.8
"За мной, мои герои: Часть истины",844,12,R,2003-03-19,2018-12-12,2.6
Магические войны,432,12,PG-13,1990-03-17,2021-01-11,7.3
Из одной комнаты,675,12,PG-13,1992-06-10,2019-03-14,7.2
Песня боевых принцесс: Мехасимфония 3,473,13,PG-13,1985-09-11,2019-06-28,6.0
"И все же, грешник танцует с драконом",51,12,NC-17,1985-09-30,2015-12-05,7.2
История Мерк,493,12,PG-13,2004-10-20,2018-02-25,7.4
Штурмовые ведьмы: 501-й отряд поднимается в небо!,637,12,PG-13,2012-05-12,2016-11-12,4.4
Освобождение шпионов,881,12,PG-13,1989-08-25,2021-12-31,5.8
Цукумогами напрокат,324,12,PG-13,2002-03-11,2021-12-20,7.2
Ускоренная девушка ⅙,282,12,PG-13,1998-05-05,2018-03-16,8.9
Железнодорожный переезд,494,12,PG-13,1986-04-04,2016-09-07,2.4
Бог разрушения за соседней партой,69,12,PG-13,2005-04-09,2018-11-07,7.2
Кровь-C,835,12,NC-17,1991-03-05,2017-10-29,7.2
Тайна принцессы,251,13,PG-13,1989-04-22,2019-07-27,7.3
Аргонавис из «Ура мечте!»,616,13,PG-13,1995-07-01,2021-05-19,3.4
Дропкик злого духа,442,11,PG-13,2002-03-18,2017-10-12,7.3
Дракон в поисках дома,658,12,PG-13,1990-07-13,2018-12-11,7.2
Дзёсиоти: Девушка свалилась со 2-го этажа!,36,9,NC-17,1991-05-15,2017-03-15,7.2
"Романтическая комедия, в которой подруга детства ни за что не проиграет",488,12,PG-13,2007-07-22,2016-06-26,7.2
Тамаёми,671,12,PG-13,2010-06-24,2017-06-26,1.6
Небесная машина Пандора,229,26,PG-13,2007-03-12,2020-11-21,9.3
Юная невеста Нобунаги,228,12,NC-17,2005-02-26,2020-02-08,7.2
Рыцари усердия,619,12,PG-13,2015-01-19,2018-01-01,9.9
Школьные войны 4: Экстремальный Иксполнитель,542,12,NC-17,1989-03-27,2018-06-09,4.4
Формирование извращённой силы,548,12,NC-17,1998-03-07,2015-02-01,7.2
Новый мастер кулинарии,501,12,PG-13,1996-02-10,2016-01-15,4.8
Улисс: Жанна д'Арк и рыцарь-алхимик,380,12,PG-13,2015-11-14,2021-10-02,7.1
Герой Юки Юна: История героя,572,6,PG-13,2015-06-09,2019-10-22,6.1
Заметки Гримм,531,12,PG-13,1993-09-16,2018-04-09,7.1
Прегрешение: Семь смертных грехов,296,12,NC-17,2010-11-19,2020-04-04,7.1
А всё-таки город вертится,16,12,PG-13,2009-08-25,2017-12-10,3.9
Я пытался уговорить её в догэдза,754,12,NC-17,1999-04-05,2016-05-10,7.1
Горизонт посреди пустоты,497,13,PG-13,1992-07-28,2020-04-10,7.0
Гаро: Линия схода,72,24,NC-17,2009-04-11,2016-01-30,2.2
Королевский рейд: Наследники воли,269,26,R,1992-07-30,2020-07-15,7.1
Второй Мэйджор,356,25,PG-13,1994-09-23,2019-09-09,2.3
Мир ограничивается тобой. Анимация,511,12,PG-13,2002-03-21,2020-10-28,7.1
Берсерк 2,858,12,R,2005-10-11,2018-03-31,7.1
Сага о Гортензии,589,12,R,2003-05-29,2019-07-07,7.1
Проект-Б: Кульминационные эмоции,657,12,PG-13,2013-01-07,2020-11-03,5.9
Радость подъема 2,210,24,PG-13,2008-01-24,2015-06-11,5.1
Эпоха смут 3,723,12,PG-13,2011-05-14,2020-01-31,4.7
Герой Юки Юна: Глава Суми Васио,295,6,PG-13,2000-10-23,2019-01-03,7.3
Гостиница Окко,422,24,R,1989-05-06,2020-11-07,7.6
Блудный сын,813,11,PG-13,1997-11-16,2020-05-26,4.7
Дни мечты,6,12,PG-13,2005-11-05,2021-11-05,4.1
Двойной ангел: Прорыв,568,12,PG-13,1995-10-15,2021-01-22,4.6
Менеджер среднего звена Тонэгава,749,24,PG-13,2006-03-30,2019-02-21,2.5
Девочка-волшебница Орэ,554,12,PG-13,2004-07-28,2021-03-18,8.9
.хак//ЗНАК,871,26,PG-13,1986-04-07,2017-06-24,7.7
Питер Грилл и время мудреца,357,12,NC-17,1989-02-06,2021-08-25,7.0
Лунный проект,723,13,PG-13,1996-10-27,2015-11-30,4.5
Потерянная песня,235,12,PG-13,1994-02-09,2017-09-23,6.0
"Ты же любишь мамочку, удары которой бьют по площади двойным уроном?",812,12,PG-13,2002-12-08,2020-04-10,7.0
Меч Жёлтого императора. Бледное сияние,833,13,PG-13,2006-01-05,2019-04-05,8.3
Запретная татуировка,270,12,NC-17,2005-01-29,2018-04-23,6.9
Гранбелм,369,13,PG-13,2003-09-26,2015-11-05,5.9
Персона: Душа троицы,892,26,PG-13,2009-11-13,2019-02-27,9.4
Маг-обманщик из другого мира,24,12,PG-13,2003-06-07,2017-06-07,6.9
Мастер кулинарии,280,52,PG-13,2013-09-25,2016-07-07,3.3
"Путешественницы во времени: Мари, Вака и 8 ученых",507,12,R,2015-12-05,2020-05-20,5.9
Божественные куклы,523,13,NC-17,2014-08-19,2021-03-11,7.1
Люпен III: Часть IV,305,24,PG-13,2004-12-04,2017-04-28,4.5
Винтовка прекрасна,47,12,PG-13,2003-07-15,2021-11-04,8.5
Секретное назначение девушек-ниндзя,748,12,PG-13,1995-05-07,2018-01-05,3.8
А вот и чёрная колдунья!,292,60,R,1999-12-04,2015-01-15,9.8
Радость подъема,130,12,PG-13,2013-12-31,2015-08-27,3.2
Полководцы Сигрдрифа,998,12,R,2004-02-15,2016-05-30,6.8
Песня боевых принцесс: Мехасимфония,959,13,PG-13,2007-05-14,2018-08-17,5.6
Амантю! 2,665,12,PG-13,1989-10-22,2018-10-14,4.8
Дорога под Небом,390,26,NC-17,1994-05-13,2017-12-03,3.9
Уиз,212,13,PG-13,1988-10-11,2019-05-14,1.8
Владыка Вермилиона: Король алого лотоса,927,12,R,2015-10-09,2017-11-22,6.8
Первый микс,72,13,PG-13,2003-02-25,2015-03-12,1.5
Знойный пинг-понг,610,12,PG-13,1996-03-07,2020-06-10,9.5
Кандагава: Девушки на гидроциклах,619,12,NC-17,1997-02-07,2019-01-17,6.4
Музыкальная школа звёзд 2,91,12,PG-13,2002-01-17,2019-05-12,9.1
Между небом и морем,853,12,PG-13,2005-07-18,2016-08-12,9.7
Аниме-истории,714,12,PG-13,2003-11-02,2016-09-29,4.0
Разноцветная пастораль: Из Бермудского треугольника,267,12,PG-13,2015-12-26,2018-05-23,2.4
Дворецкие: История тысячи столетий,964,12,PG-13,1997-07-14,2016-02-17,7.8
H2O: Следы на песке,488,12,PG-13,1987-07-01,2021-07-21,8.1
Почётная ученица в школе магии,785,13,PG-13,1987-03-23,2021-08-26,6.7
Миллион Артуров,983,10,PG-13,1996-02-16,2016-07-21,6.6
Нэгима?!,529,26,PG-13,2013-06-29,2020-04-10,9.5
Музыкальная школа звёзд,122,12,PG-13,1997-07-06,2020-01-01,2.3
Мальчики Голливуда 2,828,13,PG-13,1987-03-29,2020-03-14,4.3
Двуличная сестренка Умару!,695,12,PG-13,2012-04-05,2019-07-13,8.0
Любовные страсти пансиона Татибана,213,12,NC-17,2007-06-28,2015-07-03,6.8
Детективное агентство Лейтон: Расследования Кэт,856,50,R,1987-06-22,2021-05-04,1.4
"Президент, пришло время для битвы!",117,12,PG-13,1991-04-14,2018-09-25,6.6
Перерождение для тебя,644,50,PG-13,1991-03-12,2021-04-21,7.2
Космический линкор Тирамису 2,625,13,PG-13,1989-12-05,2018-07-03,5.2
Девушки в багряном свете,558,12,PG-13,2010-03-03,2017-12-17,6.3
Красавцы из клуба защитников Земли 2,454,12,PG-13,2008-04-30,2018-11-01,9.1
Семь рыцарей революции: Преемник героя,315,12,PG-13,1989-06-28,2017-10-09,6.6
.хак//Легенда сумеречного браслета,440,12,PG-13,2010-03-17,2016-01-12,5.5
Школьные войны,867,13,NC-17,1992-11-09,2017-09-24,6.6
Искусство обмана,50,12,PG-13,2005-09-03,2017-06-21,6.6
Иллюзия Хатэны,626,12,PG-13,2009-02-19,2020-10-18,6.5
Секретное назначение девушек-ниндзя 2,911,12,NC-17,1991-11-20,2021-03-18,7.9
11 глаз,515,12,NC-17,2007-02-17,2016-06-19,6.6
Хочу стать сильнейшей в мире!,503,12,NC-17,1992-11-09,2016-07-24,4.8
Баскетбольный клуб! SS,478,12,PG-13,2003-07-14,2021-03-21,1.4
Пастельные воспоминания,457,12,PG-13,2009-12-22,2018-12-14,1.1
Последний период: История бесконечной спирали,165,12,PG-13,2012-02-29,2021-09-10,4.8
Сакура — собирательница карт: Прозрачные карты,32,22,R,2015-07-17,2019-07-27,8.2
Калигула,441,12,PG-13,2008-10-01,2018-04-23,4.0
Размеренная жизнь чит-фармацевта: Создание аптеки в альтернативном мире,819,12,PG-13,1986-11-23,2019-05-18,6.5
Проект «Белая Кошка»,574,12,PG-13,1997-01-15,2021-11-09,6.5
Горячий парень Джей,368,25,PG-13,2008-07-28,2015-11-27,2.6
Разминка!,563,12,R,2002-02-04,2020-10-25,1.6
Тэнка Хяккэн: Добро пожаловать в зал Мэйдзи!,135,12,R,2012-06-18,2019-09-01,7.7
Две машины,718,12,PG-13,1995-03-05,2019-07-29,5.8
Люпен III: Часть V,940,24,PG-13,1991-02-02,2018-05-14,3.1
Амантю!,429,12,PG-13,1988-07-21,2018-03-15,1.5
"Активный рейд: Мобильная боевая дивизия, восьмой отряд",715,12,PG-13,1993-12-02,2020-08-31,7.6
Бугипоп никогда не смеётся,506,12,NC-17,1995-10-15,2019-01-11,8.9
Алиса или Алиса: Брат-сисконщик и сёстры-близняшки,664,12,PG-13,2010-11-06,2016-05-07,6.0
Урахара,962,12,PG-13,1993-07-26,2021-08-10,3.8
Цестус: Римский боец,93,11,PG-13,1997-09-30,2017-02-06,6.3
Микс: История Мэйсэй,261,24,PG-13,1986-02-16,2016-10-26,8.5
Денежное поле,145,12,PG-13,1989-05-26,2020-05-04,1.0
Беззаботная старшеклассница,992,12,PG-13,2008-04-21,2020-02-19,6.4
Эпоха смут 2,5,12,PG-13,1995-03-12,2016-03-06,8.8
Сакура: Новая война миров,502,12,PG-13,2011-02-07,2018-09-12,4.5
Гаро: Багровая луна,929,23,PG-13,2007-05-19,2020-07-18,7.9
Мальчики Голливуда,371,13,PG-13,1994-11-01,2019-08-06,2.3
Ярость Бахамута: Друзья из Манарии,140,10,PG-13,1987-07-04,2021-10-05,6.3
Бубуки Буранки,185,12,PG-13,2012-12-21,2020-12-20,5.0
Поэзия теней,169,48,PG-13,2003-08-24,2015-12-29,6.3
Песня боевых принцесс: Мехасимфония 4,431,13,PG-13,2010-12-14,2015-07-25,5.2
Музыкальная школа звёзд 3,584,12,PG-13,1992-06-21,2016-07-05,8.3
Семь небесных добродетелей,699,10,NC-17,1993-03-18,2018-12-17,6.0
Физиология извращенцев,828,13,NC-17,1997-09-22,2020-05-31,5.3
Госпожа Умница,458,42,PG-13,2001-05-13,2019-11-06,1.7
Лунная песнь,52,13,PG-13,2004-06-11,2015-11-02,7.7
"Прощай, мой дорогой Крамер",526,13,PG-13,2008-10-21,2015-07-19,6.2
Хроники клуба Возвращения домой,527,12,PG-13,2014-07-18,2015-07-07,7.7
Тысяча мушкетёров,201,12,PG-13,1987-10-13,2015-09-01,1.0
Зачатие: Роди мне ребёнка!,493,12,PG-13,1990-02-09,2017-11-10,6.0
Рок-шоу! Звёзды!,310,12,PG-13,2012-08-31,2015-01-21,2.5
Матой: Изгоняющая духов,745,12,PG-13,1997-11-20,2017-07-01,5.6
Z/X: Зажигание,895,12,PG-13,2015-11-28,2018-09-24,4.4
Легенда о перевороте: Роман о заклятых богах,633,26,PG-13,1991-12-27,2020-10-05,5.3
Синий луч отражения,129,24,PG-13,2013-02-18,2019-06-05,5.9
Суши-полиция,668,13,PG-13,1987-05-16,2018-08-22,3.8
Песня боевых принцесс: Мехасимфония 2,560,13,PG-13,2013-04-01,2021-09-09,2.4
Заметки Ятогамэ 3,380,12,PG-13,1986-12-27,2017-02-21,5.9
Персона 4: Золотое издание,417,12,PG-13,2014-06-25,2020-04-23,3.5
25-летняя старшеклассница,438,12,NC-17,2006-04-17,2021-01-27,5.9
Василиск: Легенда об Оке,880,24,NC-17,2001-06-09,2021-06-03,2.8
Красавцы из клуба защитников Земли,647,12,PG-13,1990-02-21,2019-03-19,9.5
Моя первая любовь — монстр,189,12,PG-13,2003-12-07,2020-07-23,5.8
Лиричная волшебница Наноха: Искатели,752,26,PG-13,1999-10-07,2016-01-07,3.3
Из одной комнаты: Сосед,249,12,PG-13,2010-01-06,2019-09-16,3.3
Динамический аккорд,166,12,PG-13,2010-04-12,2016-06-02,1.6
"Активный рейд: Мобильная боевая дивизия, восьмой отряд 2",39,12,PG-13,1994-05-30,2016-11-23,5.5
Песня боевых принцесс: Мехасимфония 5,825,13,PG-13,2014-08-21,2020-09-13,8.6
Феи Ранмару: Мы спасём твоё сердце,380,12,PG-13,1992-04-12,2015-08-06,5.6
Победа боевых атлетов ReSTART!,584,12,PG-13,2006-08-31,2021-05-01,5.5
Гяру и динозавр,566,12,PG-13,1990-08-29,2017-01-02,1.5
Вы ещё не знаете Гунмы,473,12,PG-13,2014-12-22,2017-08-15,6.9
D_Cide: грёзы,108,13,PG-13,2012-12-21,2016-06-18,5.5
Девушки в доспехах,163,12,R,2011-03-30,2016-12-16,5.5
Гэкидол,659,12,R,2015-08-02,2016-05-15,5.4
Феи из бутылки,676,13,G,2008-12-03,2017-09-04,6.6
Вперед! Вперед! 575,478,4,PG-13,2000-10-28,2015-12-04,6.7
Охотник за душами,1000,23,PG-13,1999-08-09,2018-08-27,3.0
Школа смут,775,12,PG-13,1994-06-05,2018-10-15,1.6
Пожиратель душ: Класс «НОТ»,859,12,PG-13,1992-11-14,2016-12-19,5.2
Лиричная волшебница Наноха,515,13,PG-13,1986-05-24,2017-03-07,1.6
Лиричная волшебница Наноха: Вивид,932,12,PG-13,1993-04-27,2019-02-27,2.1
Олимпия Киклос,491,24,PG-13,1999-01-28,2017-10-24,5.2
Невеста титана,436,9,NC-17,1991-04-07,2018-11-17,5.2
Джибиэйт,249,12,NC-17,1998-10-20,2020-11-21,5.1
Новый мастер кулинарии 2,517,12,PG-13,1989-01-19,2015-10-25,5.8
Бубуки Буранки: Звезда гигантов,362,12,PG-13,2015-06-26,2016-04-24,4.2
Классикалоид,552,25,PG-13,1998-02-18,2018-06-28,9.4
Классикалоид 2,338,25,PG-13,1985-10-18,2019-03-15,7.6
Агу: Гениальные куклы,598,12,PG-13,2009-08-16,2015-10-28,6.4
Карточные бои «Авангард»! Замещение,72,12,PG-13,1991-06-12,2018-09-20,5.1
Народные сказки из будущего,656,13,AniStar,1992-12-15,2016-12-23,5.0
Денежное поле 2,115,12,PG-13,2004-10-19,2019-06-06,1.2
Легенда о Касиве,246,10,R,1998-03-31,2021-06-22,4.4
Музыкальные девчонки,47,12,PG-13,1997-04-29,2015-05-01,4.7
Красавцы из клуба защитников Земли 3,733,12,PG-13,1991-08-04,2021-11-04,9.4
Порочная ночь со священником,323,12,NC-17,1998-11-25,2020-08-24,4.3
Лиричная волшебница Наноха: Ас,716,13,PG-13,1985-12-24,2019-01-09,8.6
Экс-Арм,331,12,PG-13,1990-09-13,2016-05-14,2.6
Школа между измерениями,565,11,PG-13,1987-10-15,2018-11-29,2.6
Девушки-пони: Ёнкома,671,12,PG-13,1997-10-29,2020-11-13,3.0
Девушки-пони: Славное дерби 2,561,13,PG-13,2011-01-22,2016-08-04,1.2
Мув-Лув: Альтернатива — Полное затмение,140,24,NC-17,1993-04-04,2020-11-20,8.1
Коллекция Дзюндзи Ито,492,12,NC-17,1994-10-04,2016-06-14,8.5
